ETL,d_ETL,Theta,eta_sub,spp,wg,abs,Aprime_Psub,eta_ext,EQE
B3PyMPM,50.0,0.667,(0.6364675855016926+0j),(0.35441528624428253+0j),(3.4529305119398274e-05+0j),(0.009082598948905484+0j),(0.03067450038131081+0j),0.9246311834296088,(0.5884977767970158+0j)
B3PyMPM,50.0,0.8,(0.7453378443357024+0j),(0.24536526303196973+0j),(4.10254903185619e-05+0j),(0.009255867142009216+0j),(0.030509074945099912+0j),0.9263501240676059,(0.6904438045726599+0j)
B3PyMPM,75.0,0.667,(0.7450982532124902+0j),(0.24391314778743045+0j),(4.018255926704329e-05+0j),(0.010948416440812464+0j),(0.030322131314913348+0j),0.9283282660702666,(0.6916957694567355+0j)
B3PyMPM,75.0,0.8,(0.8300435052194178+0j),(0.15917814187643606+0j),(4.533602837427739e-05+0j),(0.010733016875771802+0j),(0.03030098366107037+0j),0.9288810574192048,(0.7710116888321561+0j)
B3PyMPM,100.0,0.667,(0.8074239591076511+0j),(0.1792620053283713+0j),(5.0708011909417744e-05+0j),(0.013263327552068285+0j),(0.03117408100759389+0j),0.9266435253804907,(0.7481941839441869+0j)
B3PyMPM,100.0,0.8,(0.8704312882782075+0j),(0.11654710877483097+0j),(5.7276090348642533e-05+0j),(0.012964326856612803+0j),(0.031323892322999924+0j),0.9262750337121207,(0.8062587708939813+0j)
B3PyMPM,125.0,0.667,(0.8553112660039909+0j),(0.1290407735063383+0j),(6.360948925687719e-05+0j),(0.015584351000413882+0j),(0.0318624293957378+0j),0.9203409165570281,(0.7871779544956651+0j)
B3PyMPM,125.0,0.8,(0.8978043265072111+0j),(0.08652116349829661+0j),(7.434013383173951e-05+0j),(0.015600169860660502+0j),(0.03229561127264635+0j),0.9183824761258303,(0.824527760454176+0j)
B3PyMPM,150.0,0.667,(0.9031699646210606+0j),(0.08043148875961077+0j),(6.990393614377637e-05+0j),(0.016328642683184784+0j),(0.03179336139461397+0j),0.9137494739791419,(0.8252710800862543+0j)
B3PyMPM,150.0,0.8,(0.9279799392007821+0j),(0.055249458612090366+0j),(8.387923036152998e-05+0j),(0.01668672295676582+0j),(0.032370612041213276+0j),0.9098627857157898,(0.844334412569593+0j)
B3PyMPM,175.0,0.667,(0.9413070180503902+0j),(0.043319108911479255+0j),(6.688622077524869e-05+0j),(0.015306986817355291+0j),(0.03121421648624212+0j),0.9110797168725748,(0.8576057314955172+0j)
B3PyMPM,175.0,0.8,(0.9549127315168084+0j),(0.029453242383638712+0j),(7.955284096232349e-05+0j),(0.015554473258590495+0j),(0.03166861425363432+0j),0.9067312637132546,(0.8658492277841116+0j)
B3PyMPM,200.0,0.667,(0.963004263495282+0j),(0.022778561448058395+0j),(6.269094962543826e-05+0j),(0.014154484107034218+0j),(0.030255523475748114+0j),0.911680896825451,(0.8779525905901115+0j)
B3PyMPM,200.0,0.8,(0.9706092702397698+0j),(0.015136579271638926+0j),(7.29361879918777e-05+0j),(0.014181214300599402+0j),(0.030502430437116868+0j),0.9079018918289946,(0.8812179926774469+0j)
B3PyMPM,225.0,0.667,(0.97317286660242+0j),(0.012918149171387037+0j),(6.331394989960011e-05+0j),(0.013845670276293472+0j),(0.029728331073855863+0j),0.9123056967818305,(0.8878311501548921+0j)
B3PyMPM,225.0,0.8,(0.9776642052018207+0j),(0.008475229168247417+0j),(7.275284436039874e-05+0j),(0.013787812785571469+0j),(0.029896887978292597+0j),0.9088971056179637,(0.8885961663742218+0j)
B3PyMPM,250.0,0.667,(0.9774103264842223+0j),(0.008067407893247558+0j),(7.003724437103516e-05+0j),(0.014452228378159076+0j),(0.030029071198297452+0j),0.9108570728863247,(0.8902811089902857+0j)
B3PyMPM,250.0,0.8,(0.9801438329207093+0j),(0.005310581124441449+0j),(8.07374934820711e-05+0j),(0.014464848461367221+0j),(0.030303412565105048+0j),0.9072080036004172,(0.8891943299052575+0j)
B3PyMPM,275.0,0.667,(0.9791403751027264+0j),(0.005287625269261967+0j),(8.045541965576178e-05+0j),(0.015491544208355924+0j),(0.030517880112303164+0j),0.908286895992373,(0.8893403720428632+0j)
B3PyMPM,275.0,0.8,(0.9806683568557953+0j),(0.0035327558412733785+0j),(9.405789040115149e-05+0j),(0.015704829412530104+0j),(0.030992172878465563+0j),0.904025388707272,(0.8865490924994821+0j)
B3PyMPM,300.0,0.667,(0.9804662260412675+0j),(0.0033762712209026375+0j),(8.848243340672626e-05+0j),(0.016069020304423136+0j),(0.030812528894803126+0j),0.9069927437751819,(0.8892757525360669+0j)
B3PyMPM,300.0,0.8,(0.9811547714879737+0j),(0.0022845517405227704+0j),(0.00010458013335015151+0j),(0.016456096638153284+0j),(0.0314616039817146+0j),0.9024600556718056,(0.8854529896996945+0j)
B3PyMPM,325.0,0.667,(0.9821469359564259+0j),(0.0020457843688635852+0j),(8.990907624823274e-05+0j),(0.015717370598462253+0j),(0.030711915392818923+0j),0.907900424195289,(0.8916916197769424+0j)
B3PyMPM,325.0,0.8,(0.9824371369343297+0j),(0.0013839447611311462+0j),(0.00010591810973791614+0j),(0.0160730001948014+0j),(0.03139169786701801+0j),0.9038344134152411,(0.8879604933783887+0j)
B3PyMPM,350.0,0.667,(0.9836681456150459+0j),(0.0012422950351297134+0j),(8.808908464057831e-05+0j),(0.01500147026518373+0j),(0.030018218969393162+0j),0.9099210892216977,(0.89506039049073+0j)
B3PyMPM,350.0,0.8,(0.9838429484632023+0j),(0.0008345377900211906+0j),(0.0001025713733940481+0j),(0.015219942373382344+0j),(0.03057008256163829+0j),0.9065637365899963,(0.8919163395765198+0j)
B3PyMPM,375.0,0.667,(0.9844067090175179+0j),(0.0008192325903522299+0j),(8.898230913733832e-05+0j),(0.014685076082992396+0j),(0.029344757460265103+0j),0.9111213813148737,(0.8969140004956699+0j)
B3PyMPM,375.0,0.8,(0.9845183431706924+0j),(0.0005495728955586628+0j),(0.00010281242715551687+0j),(0.014829271506593461+0j),(0.029775134488762345+0j),0.9081163027541462,(0.894057157793807+0j)
B3PyMPM,400.0,0.667,(0.9842631728076164+0j),(0.000611120714968707+0j),(9.542902517501069e-05+0j),(0.015030277452239869+0j),(0.029203410402652952+0j),0.9102316748212911,(0.8959075162495945+0j)
B3PyMPM,400.0,0.8,(0.9842589769843678+0j),(0.00041387456880630143+0j),(0.00011046930862577195+0j),(0.015216679138200219+0j),(0.029604613108088818+0j),0.907028585808358,(0.8927510279633123+0j)
3TPYMB,50.0,0.667,(0.6374063451628016+0j),(0.3543291248993036+0j),(2.6782201766674767e-05+0j),(0.008237747736128122+0j),(0.029085903814379033+0j),0.9194892625766664,(0.5860882902754325+0j)
3TPYMB,50.0,0.8,(0.7455859179463764+0j),(0.2459815188851928+0j),(3.240685979889034e-05+0j),(0.008400156308631952+0j),(0.02847322707859634+0j),0.9245013449248382,(0.689295183898445+0j)
3TPYMB,75.0,0.667,(0.7466645212315228+0j),(0.24405934100272897+0j),(2.5624046051908893e-05+0j),(0.009250513719696138+0j),(0.028747744746929205+0j),0.9184875950766903,(0.6858021004350298+0j)
3TPYMB,75.0,0.8,(0.833318414441244+0j),(0.15763883655423255+0j),(2.924192416048595e-05+0j),(0.009013507080362824+0j),(0.027862918851154883+0j),0.9245459510395311,(0.770441165998334+0j)
3TPYMB,100.0,0.667,(0.822949694786242+0j),(0.16659527694296558+0j),(2.6325250566881296e-05+0j),(0.010428703020225529+0j),(0.03569732018181593+0j),0.9036320014500129,(0.7436436797923691+0j)
3TPYMB,100.0,0.8,(0.8855402045539156+0j),(0.1044763155160357+0j),(2.94773541435264e-05+0j),(0.009954002575905122+0j),(0.03212464410497495+0j),0.9150734572488661,(0.8103343365140196+0j)
3TPYMB,125.0,0.667,(0.8622539453672949+0j),(0.1257482768005534+0j),(2.877796658224888e-05+0j),(0.011968999865569329+0j),(0.03876740305436144+0j),0.9017663807215068,(0.7775516195767055+0j)
3TPYMB,125.0,0.8,(0.9091239740025842+0j),(0.07941384273194135+0j),(3.263154419477956e-05+0j),(0.01142955172127962+0j),(0.03457699998294583+0j),0.9120438340439769,(0.8291609148706136+0j)
3TPYMB,150.0,0.667,(0.8860638441827637+0j),(0.10052800843543275+0j),(3.103354884240463e-05+0j),(0.013377113832961194+0j),(0.0351959676814928+0j),0.909757696401753,(0.806103401748593+0j)
3TPYMB,150.0,0.8,(0.9217664380992294+0j),(0.0652255002776655+0j),(3.6272025951409886e-05+0j),(0.012971789597153609+0j),(0.032894275326460276+0j),0.9149417822795749,(0.8433626277200045+0j)
3TPYMB,175.0,0.667,(0.9141496151059408+0j),(0.0722523537620033+0j),(3.0076693130517254e-05+0j),(0.01356795443892528+0j),(0.03165315472575003+0j),0.9176913495863017,(0.8389071940103691+0j)
3TPYMB,175.0,0.8,(0.9391350212982091+0j),(0.04756695986112653+0j),(3.57445256485654e-05+0j),(0.013262274315015938+0j),(0.03078315168576784+0j),0.9191371273214977,(0.8631938656430495+0j)
3TPYMB,200.0,0.667,(0.9404197131489009+0j),(0.04683127698266331+0j),(2.6803124383687673e-05+0j),(0.012722206744051785+0j),(0.029243329183731293+0j),0.9233132750482601,(0.868302005267457+0j)
3TPYMB,200.0,0.8,(0.957122166434634+0j),(0.030519350354315328+0j),(3.1574613708157765e-05+0j),(0.012326908597342447+0j),(0.028937687300721104+0j),0.9231002850057489,(0.8835197446211305+0j)
3TPYMB,225.0,0.667,(0.958261427731369+0j),(0.029851037532476282+0j),(2.402491953760311e-05+0j),(0.011863509816616916+0j),(0.027444403471641565+0j),0.9275404278177074,(0.8888262146391611+0j)
3TPYMB,225.0,0.8,(0.9694953736236054+0j),(0.019118953411221596+0j),(2.7838145937047372e-05+0j),(0.011357834819235878+0j),(0.027189482747188132+0j),0.9269054957968546,(0.8986305899613447+0j)
3TPYMB,250.0,0.667,(0.9687993599162614+0j),(0.01972629818405537+0j),(2.2767233631355528e-05+0j),(0.011451574666051983+0j),(0.02627354975192575+0j),0.9307895816388565,(0.901748350908449+0j)
3TPYMB,250.0,0.8,(0.9765972320728784+0j),(0.012487881298349534+0j),(2.6086538493716022e-05+0j),(0.010888800090278384+0j),(0.025976360566890122+0j),0.9301629649711025,(0.9083945769674805+0j)
3TPYMB,275.0,0.667,(0.9746997824926159+0j),(0.013721771953203139+0j),(2.3045947368918845e-05+0j),(0.01155539960681209+0j),(0.025909866101001766+0j),0.9324703625778066,(0.9088786595853987+0j)
3TPYMB,275.0,0.8,(0.9803142684303416+0j),(0.008671723012649415+0j),(2.6362992715179594e-05+0j),(0.01098764556429345+0j),(0.02563042256802084+0j),0.9318830353685871,(0.9135382360800026+0j)
3TPYMB,300.0,0.667,(0.9779552387277778+0j),(0.009937158652125421+0j),(2.4514284984290082e-05+0j),(0.012083088335112515+0j),(0.02595412504773864+0j),0.9325707872586393,(0.9120124868840742+0j)
3TPYMB,300.0,0.8,(0.9820724105259478+0j),(0.006332924271516212+0j),(2.827211094739656e-05+0j),(0.01156639309158845+0j),(0.02573917803760617+0j),0.9319657098103724,(0.9152578111609985+0j)
3TPYMB,325.0,0.667,(0.9801578156146193+0j),(0.007166538710172315+0j),(2.6077879856943452e-05+0j),(0.012649567795351549+0j),(0.02598780161398473+0j),0.93216914482898,(0.9136728727789207+0j)
3TPYMB,325.0,0.8,(0.9831195643860682+0j),(0.004625081095437794+0j),(3.0436507213373615e-05+0j),(0.012224918011280735+0j),(0.025834431549056847+0j),0.9316147102209958,(0.9158886480881185+0j)
3TPYMB,350.0,0.667,(0.9823460006742573+0j),(0.004902323931074725+0j),(2.629397525193995e-05+0j),(0.01272538141941607+0j),(0.02612960732679548+0j),0.9321597374432299,(0.9157033900669226+0j)
3TPYMB,350.0,0.8,(0.98443387589041+0j),(0.003182497529498465+0j),(3.083360832283192e-05+0j),(0.012352792971768639+0j),(0.0260523599898006+0j),0.9317884099569013,(0.9172840759236346+0j)
3TPYMB,375.0,0.667,(0.9844645895481988+0j),(0.0032028290442799277+0j),(2.5174575116924343e-05+0j),(0.01230740683240429+0j),(0.026017660404524245+0j),0.9327612085736111,(0.9182703803449019+0j)
3TPYMB,375.0,0.8,(0.9859872182829521+0j),(0.0020719190981843974+0j),(2.9362525222472896e-05+0j),(0.011911500093641012+0j),(0.025967162704705782+0j),0.9325971107196076,(0.9195288309771442+0j)
3TPYMB,400.0,0.667,(0.9860642933011703+0j),(0.002096202798696231+0j),(2.3872913080916084e-05+0j),(0.011815630987052695+0j),(0.02548670170716194+0j),0.9337877940480466,(0.9207748012312458+0j)
3TPYMB,400.0,0.8,(0.9872495749384319+0j),(0.0013480104209757566+0j),(2.76031107569919e-05+0j),(0.011374811529835422+0j),(0.025387607694253855+0j),0.9337738181931938,(0.9218678050998672+0j)
iso_no,50.0,0.667,(0.5258516117025177+0j),(0.4672940704909663+0j),(2.9424192826379784e-05+0j),(0.006824893613689663+0j),(0.028150871845355918+0j),0.9348501011455752,(0.4915924323876624+0j)
iso_no,50.0,0.8,(0.6360018673648449+0j),(0.3565626158500368+0j),(3.565740340859092e-05+0j),(0.0073998593817099+0j),(0.028141669013614812+0j),0.934963851098056,(0.5946387552169904+0j)
iso_no,75.0,0.667,(0.6736885561946148+0j),(0.31739339555181934+0j),(3.6670739209445154e-05+0j),(0.008881377514356617+0j),(0.027450224082365304+0j),0.936960545045435,(0.6312195968029785+0j)
iso_no,75.0,0.8,(0.7601423024704075+0j),(0.23063901486061045+0j),(4.196893255481725e-05+0j),(0.009176713736427247+0j),(0.02745251148514427+0j),0.9369141242891216,(0.7121880596541784+0j)
iso_no,100.0,0.667,(0.7707364442330067+0j),(0.2177464912287085+0j),(4.803241259078815e-05+0j),(0.011469032125694004+0j),(0.028298327733791484+0j),0.9338066595444935,(0.7197188243784247+0j)
iso_no,100.0,0.8,(0.8296201087320894+0j),(0.15865745872747491+0j),(5.490523842675659e-05+0j),(0.011667527302008826+0j),(0.02836613753070627+0j),0.9334418330048293,(0.7744021149925473+0j)
iso_no,125.0,0.667,(0.8419187348601992+0j),(0.14379887855903534+0j),(6.081223593374227e-05+0j),(0.014221574344831529+0j),(0.029666046622943587+0j),0.925800777760972,(0.779449019545106+0j)
iso_no,125.0,0.8,(0.876120527204971+0j),(0.1091425439242272+0j),(7.229617769986781e-05+0j),(0.014664632693101802+0j),(0.02990757032227742+0j),0.9240906776036864,(0.8096148116473406+0j)
iso_no,150.0,0.667,(0.902454764245424+0j),(0.08191273517126982+0j),(6.580681779306814e-05+0j),(0.015566693765513034+0j),(0.03103695878748447+0j),0.9169320251416797,(0.8274896745783138+0j)
iso_no,150.0,0.8,(0.9195286653789545+0j),(0.0642061261908437+0j),(8.078866985166516e-05+0j),(0.016184419760350142+0j),(0.031342829746402456+0j),0.9132646799871079,(0.8397730523262833+0j)
iso_no,175.0,0.667,(0.9436741930219646+0j),(0.04106382466473582+0j),(6.173040976738335e-05+0j),(0.015200251903532086+0j),(0.0319582548535251+0j),0.9115907569252965,(0.8602446719077611+0j)
iso_no,175.0,0.8,(0.952683267228145+0j),(0.03182272571732705+0j),(7.502626652614413e-05+0j),(0.015418980788001956+0j),(0.03200291257534471+0j),0.9076157698112362,(0.8646703569715565+0j)
iso_no,200.0,0.667,(0.9643640139695782+0j),(0.020879823614444133+0j),(5.752508416655003e-05+0j),(0.014698637331811088+0j),(0.03214489038711499+0j),0.9093578427932534,(0.8769519794108185+0j)
iso_no,200.0,0.8,(0.9698077470428175+0j),(0.015716310046476695+0j),(6.813598754017196e-05+0j),(0.014407806923165616+0j),(0.03170483863696194+0j),0.9064729648811725,(0.8791045038266329+0j)
iso_no,225.0,0.667,(0.9729589181403648+0j),(0.01193782636540088+0j),(5.840426372114447e-05+0j),(0.015044851230513056+0j),(0.03262325800943011+0j),0.9066515986536888,(0.8821347585563254+0j)
iso_no,225.0,0.8,(0.9767407943953104+0j),(0.00879241093322625+0j),(6.816772666599715e-05+0j),(0.014398626944797318+0j),(0.03173055635228095+0j),0.9050319355760196,(0.8839816117076467+0j)
iso_no,250.0,0.667,(0.9756436988851127+0j),(0.007921936464908+0j),(6.510790806791825e-05+0j),(0.016369256741911354+0j),(0.034099543982332836+0j),0.9006501495271773,(0.8787136432861251+0j)
iso_no,250.0,0.8,(0.9786272511381724+0j),(0.005771840691899245+0j),(7.62467235048598e-05+0j),(0.015524661446423458+0j),(0.03285696596655174+0j),0.9000501057031361,(0.8808135608308816+0j)
iso_no,275.0,0.667,(0.975785626176277+0j),(0.006067746875360893+0j),(7.515740341112521e-05+0j),(0.018071469544951008+0j),(0.03594958476481913+0j),0.8922479282615036,(0.8706427033831371+0j)
iso_no,275.0,0.8,(0.9783110870715348+0j),(0.004373757239572561+0j),(8.946681757587914e-05+0j),(0.01722568887131679+0j),(0.03442487834259467+0j),0.8924190335672738,(0.8730634348525281+0j)
iso_no,300.0,0.667,(0.9757493417498457+0j),(0.005475601323675134+0j),(8.256137142637572e-05+0j),(0.018692495555052778+0j),(0.03734557342192446+0j),0.885592192102369,(0.8641159985026894+0j)
iso_no,300.0,0.8,(0.9780193693432931+0j),(0.003827399427375182+0j),(9.958442109540637e-05+0j),(0.018053646808236273+0j),(0.03562991412346783+0j),0.8865255735016733,(0.8670391823028077+0j)
iso_no,325.0,0.667,(0.9766634927277961+0j),(0.006197211534329601+0j),(8.341959853075742e-05+0j),(0.01705587613934361+0j),(0.037706677390152654+0j),0.8836752423293756,(0.8630533486104895+0j)
iso_no,325.0,0.8,(0.9789327888392998+0j),(0.004125381054005041+0j),(0.00010024620060401886+0j),(0.01684158390609107+0j),(0.035850968807874084+0j),0.8855782886523025,(0.8669216238459329+0j)
iso_no,350.0,0.667,(0.9779693500277211+0j),(0.007310073297593547+0j),(8.141144659684044e-05+0j),(0.01463916522808841+0j),(0.03712294512920744+0j),0.8849920726144987,(0.8654951220344871+0j)
iso_no,350.0,0.8,(0.9803128627922462+0j),(0.004706228641424743+0j),(9.649855812899083e-05+0j),(0.014884410008200163+0j),(0.03508943805679665+0j),0.8877390880238821,(0.8702620467932697+0j)
iso_no,375.0,0.667,(0.9784121850089305+0j),(0.00785621984900783+0j),(8.229496499426892e-05+0j),(0.013649300177067641+0j),(0.036729594669970944+0j),0.8858199231511313,(0.8666970065347412+0j)
iso_no,375.0,0.8,(0.9808513296755145+0j),(0.0049898931016311935+0j),(9.665587108130248e-05+0j),(0.01406212135177309+0j),(0.03454455706064952+0j),0.8889290952961226,(0.8719072851084539+0j)
iso_no,400.0,0.667,(0.9776399257269482+0j),(0.008409772070992782+0j),(8.855166510664774e-05+0j),(0.01386175053695245+0j),(0.037345918932426+0j),0.8838004630073774,(0.8640386190119749+0j)
iso_no,400.0,0.8,(0.9801751849782208+0j),(0.005354551257561877+0j),(0.00010421948297947491+0j),(0.014366044281237828+0j),(0.03505349189389839+0j),0.886751179729315,(0.8691715016208369+0j)
iso_ne,50.0,0.667,(0.6430816756705922+0j),(0.3486024050081803+0j),(2.6762113743574735e-05+0j),(0.00828915720748389+0j),(0.02942597888865972+0j),0.9170544420022753,(0.5897409072439831+0j)
iso_ne,50.0,0.8,(0.7500841861639791+0j),(0.24144728257600728+0j),(3.237918208005879e-05+0j),(0.008436152077933537+0j),(0.02869188000791012+0j),0.922875639346226,(0.6922344228695758+0j)
iso_ne,75.0,0.667,(0.7578623465597277+0j),(0.23281424090939326+0j),(2.5513416185163028e-05+0j),(0.009297899114693876+0j),(0.030729351962286433+0j),0.9100889579633229,(0.6897221532601813+0j)
iso_ne,75.0,0.8,(0.8410599599136368+0j),(0.14987149774683883+0j),(2.911343436598405e-05+0j),(0.009039428905158438+0j),(0.029070580237147037+0j),0.919221903834329,(0.7731207375906377+0j)
iso_ne,100.0,0.667,(0.8404977163269148+0j),(0.1490109557027711+0j),(2.6127181659279672e-05+0j),(0.010465200788654878+0j),(0.04382239175265945+0j),0.8889428051339253,(0.7471543976603059+0j)
iso_ne,100.0,0.8,(0.8968378395584665+0j),(0.09316788213210994+0j),(2.924808156789715e-05+0j),(0.009965030227855666+0j),(0.03698552666827026+0j),0.9058757614950391,(0.8124236608475915+0j)
iso_ne,125.0,0.667,(0.8707250087165919+0j),(0.1172534485537378+0j),(2.8503895158853636e-05+0j),(0.011993038834511374+0j),(0.042478623161922635+0j),0.8955490571621879,(0.7797769606036817+0j)
iso_ne,125.0,0.8,(0.9147166191455013+0j),(0.07382782167227316+0j),(3.229838240664044e-05+0j),(0.011423260799819068+0j),(0.036889776283752784+0j),0.9078005373287577,(0.8303802383638307+0j)
iso_ne,150.0,0.667,(0.8904550803256044+0j),(0.09611485501621839+0j),(3.074921703430753e-05+0j),(0.013399315441142935+0j),(0.03728998095004843+0j),0.9060708276651284,(0.8068153716292388+0j)
iso_ne,150.0,0.8,(0.9248431294575132+0j),(0.062160090105312996+0j),(3.590492656769e-05+0j),(0.012960875510605886+0j),(0.03429142054617784+0j),0.9121713123948416,(0.8436153711566122+0j)
iso_ne,175.0,0.667,(0.9159625443109534+0j),(0.07040951054766527+0j),(2.9864036848300077e-05+0j),(0.013598081104533116+0j),(0.032767221445212935+0j),0.9153602668980061,(0.838435719029051+0j)
iso_ne,175.0,0.8,(0.9404813276108921+0j),(0.046216875820185514+0j),(3.546802999047349e-05+0j),(0.01326632853893177+0j),(0.03158015159518257+0j),0.917230915678016,(0.8626385493026146+0j)
iso_ne,200.0,0.667,(0.9409215743260121+0j),(0.04630496724878127+0j),(2.6649345056409784e-05+0j),(0.01274680908015027+0j),(0.029721375847962972+0j),0.9218833768204029,(0.8674199582628337+0j)
iso_ne,200.0,0.8,(0.9575342228635381+0j),(0.030098980583514335+0j),(3.138484092003816e-05+0j),(0.012335411712027627+0j),(0.029309693066818077+0j),0.9218453225232307,(0.8826984445026693+0j)
iso_ne,225.0,0.667,(0.9582813980670413+0j),(0.029824527503542562+0j),(2.38847027976925e-05+0j),(0.01187018972661858+0j),(0.027657530934484642+0j),0.9266049607241607,(0.8879482972186046+0j)
iso_ne,225.0,0.8,(0.9695616551392461+0j),(0.01905558598041056+0j),(2.7671752882577428e-05+0j),(0.011355087127460932+0j),(0.02736864283784879+0j),0.9260436854850447,(0.8978564484301274+0j)
iso_ne,250.0,0.667,(0.9686916425195524+0j),(0.01985022683645288+0j),(2.2608478156113283e-05+0j),(0.011435522165838374+0j),(0.026347808463016986+0j),0.9301946861774151,(0.9010718184161598+0j)
iso_ne,250.0,0.8,(0.976571676275106+0j),(0.012534840708821932+0j),(2.589860490613375e-05+0j),(0.010867584411165802+0j),(0.026042290559677328+0j),0.9296024783517867,(0.9078234505534972+0j)
iso_ne,275.0,0.667,(0.9745893482114837+0j),(0.01387372016660229+0j),(2.284678800040806e-05+0j),(0.011514084833913578+0j),(0.02589988228996354+0j),0.932161291600556,(0.9084744656089607+0j)
iso_ne,275.0,0.8,(0.9802864411316922+0j),(0.008743735575361176+0j),(2.612237231846921e-05+0j),(0.010943700920628137+0j),(0.02562170018710963+0j),0.9315935799786836,(0.9132285550984363+0j)
iso_ne,300.0,0.667,(0.9778707237853944+0j),(0.010084916629102741+0j),(2.427472435522096e-05+0j),(0.01202008486114761+0j),(0.02589950544925157+0j),0.9324894383435056,(0.9118541219951998+0j)
iso_ne,300.0,0.8,(0.9820624906626297+0j),(0.006407803412593641+0j),(2.797378285479482e-05+0j),(0.011501732141921869+0j),(0.025690916437617894+0j),0.9318956463910049,(0.9151797595324115+0j)
iso_ne,325.0,0.667,(0.9800864993380811+0j),(0.007304868882035377+0j),(2.5842531989249227e-05+0j),(0.0125827892478941+0j),(0.025900796326053688+0j),0.9322471734617023,(0.9136828687559007+0j)
iso_ne,325.0,0.8,(0.9831116457452327+0j),(0.00470025165761524+0j),(3.0136844527284843e-05+0j),(0.012157965752624596+0j),(0.0257562037527983+0j),0.9316943589154969,(0.9159595745249637+0j)
iso_ne,350.0,0.667,(0.9822819183976468+0j),(0.0050197433579083255+0j),(2.6110381865433462e-05+0j),(0.01267222786257943+0j),(0.026021172955269956+0j),0.9323451905041984,(0.9158258223372835+0j)
iso_ne,350.0,0.8,(0.9844155373750157+0j),(0.003250197080141375+0j),(3.060234207464285e-05+0j),(0.012303663202768348+0j),(0.025953583054972085+0j),0.9319676929211859,(0.9174434772431629+0j)
iso_ne,375.0,0.667,(0.9844216494135604+0j),(0.003288852010948355+0j),(2.5033303106793207e-05+0j),(0.012264465272384405+0j),(0.02591438038330851+0j),0.9330081664348617,(0.9184734381181282+0j)
iso_ne,375.0,0.8,(0.9859715450609285+0j),(0.0021228341639576943+0j),(2.9191157658532997e-05+0j),(0.011876429617455267+0j),(0.025877059944031444+0j),0.9328326297239338,(0.919746429212156+0j)
iso_ne,400.0,0.667,(0.9860524905701089+0j),(0.002153266563238697+0j),(2.37377614504998e-05+0j),(0.01177050510520201+0j),(0.02538660726169817+0j),0.9340750492095716,(0.9210470286524951+0j)
iso_ne,400.0,0.8,(0.9872514773891454+0j),(0.0013819090721826665+0j),(2.7442537067961663e-05+0j),(0.011339171001604025+0j),(0.02530291021604003+0j),0.9340460285578954,(0.9221383216432462+0j)
B3_ne_1.5,50.0,0.667,(0.8903093320560054+0j),(0.09792974027464287+0j),(3.74045446511593e-05+0j),(0.011723523124700546+0j),(0.08896653663509702+0j),0.7996385138695361,(0.7119256311694435+0j)
B3_ne_1.5,50.0,0.8,(0.9249835264324238+0j),(0.06383005078265527+0j),(4.3926127032168414e-05+0j),(0.011142496657888787+0j),(0.06810184136083419+0j),0.841742603427005,(0.7785980416663203+0j)
B3_ne_1.5,75.0,0.667,(0.919648441569205+0j),(0.065885318150638+0j),(4.204784544343142e-05+0j),(0.014424192434713644+0j),(0.07403087105815764+0j),0.8447530009552473,(0.7768757808394023+0j)
B3_ne_1.5,75.0,0.8,(0.946687716036773+0j),(0.04026830784394271+0j),(4.706591198450029e-05+0j),(0.01299691020729973+0j),(0.05892435088741099+0j),0.869149194336703,(0.8228128656818148+0j)
B3_ne_1.5,100.0,0.667,(0.9245290043453989+0j),(0.05773761641066954+0j),(5.2114200572324845e-05+0j),(0.017681265043359286+0j),(0.07087583990767443+0j),0.8563477436434772,(0.7917183268041329+0j)
B3_ne_1.5,100.0,0.8,(0.9491639240204758+0j),(0.03502228106862325+0j),(5.846170111933509e-05+0j),(0.01575533320978159+0j),(0.05997924767043972+0j),0.8701833271742485,(0.8259466214379032+0j)
B3_ne_1.5,125.0,0.667,(0.925990404051451+0j),(0.0533852604133306+0j),(6.507218927566868e-05+0j),(0.020559263345942623+0j),(0.0702856217407214+0j),0.8537308026441471,(0.7905465308916234+0j)
B3_ne_1.5,125.0,0.8,(0.9479590703797734+0j),(0.03322135021366022+0j),(7.530877260994118e-05+0j),(0.01874427063395638+0j),(0.0645507144099815+0j),0.8577636262149203,(0.8131248097122793+0j)
B3_ne_1.5,150.0,0.667,(0.9358138618327189+0j),(0.04336540684583953+0j),(7.199429503278304e-05+0j),(0.02074873702640861+0j),(0.0655829570973161+0j),0.8526862709682311,(0.7979556321665205+0j)
B3_ne_1.5,150.0,0.8,(0.9528775149233555+0j),(0.027539858504388667+0j),(8.528945597284678e-05+0j),(0.01949733711628297+0j),(0.06561533982870826+0j),0.8481153287512749,(0.8081500268289196+0j)
B3_ne_1.5,175.0,0.667,(0.9520269263520212+0j),(0.02954140837237699+0j),(6.950904623684485e-05+0j),(0.01836215622936474+0j),(0.06171142268913532+0j),0.8594545291584521,(0.8182238537340448+0j)
B3_ne_1.5,175.0,0.8,(0.9638403797011047+0j),(0.018581212363808268+0j),(8.167605987505164e-05+0j),(0.017496731875212234+0j),(0.06418204171821473+0j),0.8521543332643128,(0.821340756137417+0j)
B3_ne_1.5,200.0,0.667,(0.9653935760111805+0j),(0.01858478073645961+0j),(6.534604451004858e-05+0j),(0.01595629720784993+0j),(0.05588208800814776+0j),0.8733470983945251,(0.8431236784180789+0j)
B3_ne_1.5,200.0,0.8,(0.9731433001110235+0j),(0.011454309388480384+0j),(7.526204227655668e-05+0j),(0.015327128458219545+0j),(0.05870731571568988+0j),0.8669974844446982,(0.8437127932004693+0j)
B3_ne_1.5,225.0,0.667,(0.9732176124062863+0j),(0.011910040327746377+0j),(6.585800406999032e-05+0j),(0.014806489261897458+0j),(0.046554528904840686+0j),0.887304186511261,(0.8635400618745916+0j)
B3_ne_1.5,225.0,0.8,(0.9782532669570374+0j),(0.0072642230019554855+0j),(7.500923220711073e-05+0j),(0.014407500808800017+0j),(0.04871456005147845+0j),0.8820960828141935,(0.8629133747829902+0j)
B3_ne_1.5,250.0,0.667,(0.9770507536776254+0j),(0.008021969892263059+0j),(7.259241610861962e-05+0j),(0.014854684014002967+0j),(0.03663705883374835+0j),0.8963565774801597,(0.8757858695908869+0j)
B3_ne_1.5,250.0,0.8,(0.980265896966722+0j),(0.004917467397785467+0j),(8.293519065544977e-05+0j),(0.01473370044483696+0j),(0.03791137696829705+0j),0.8914423742944056,(0.8738505586318498+0j)
B3_ne_1.5,275.0,0.667,(0.9789600803659668+0j),(0.005479049549811236+0j),(8.318433111578774e-05+0j),(0.015477685753106086+0j),(0.0315417911312702+0j),0.9011351372529322,(0.882175326385727+0j)
B3_ne_1.5,275.0,0.8,(0.9807896927067146+0j),(0.0034142114766821242+0j),(9.625729840413233e-05+0j),(0.015699838518199265+0j),(0.03242045394632542+0j),0.8959434658307296,(0.8787321165347101+0j)
B3_ne_1.5,300.0,0.667,(0.9805896337639072+0j),(0.003558071881810834+0j),(9.151015510710961e-05+0j),(0.015760784199174843+0j),(0.029646231374250487+0j),0.904673840944578,(0.8871137903676309+0j)
B3_ne_1.5,300.0,0.8,(0.9813826757600002+0j),(0.002252816870860383+0j),(0.00010693350614846984+0j),(0.016257573862991006+0j),(0.030409994364576587+0j),0.8994517517214451,(0.8827063668214111+0j)
B3_ne_1.5,325.0,0.667,(0.982498636060483+0j),(0.0021512119508918705+0j),(9.322305561136881e-05+0j),(0.015256928933013716+0j),(0.02870799572652083+0j),0.908393411568555,(0.8924952878724344+0j)
B3_ne_1.5,325.0,0.8,(0.9827230225093035+0j),(0.00137133095124901+0j),(0.00010860493886345278+0j),(0.015797041600584+0j),(0.029344863396020604+0j),0.9037670438292223,(0.8881526809561516+0j)
B3_ne_1.5,350.0,0.667,(0.9841529420892973+0j),(0.0012799732813040699+0j),(9.151827912516958e-05+0j),(0.014475566350273656+0j),(0.027755940992388317+0j),0.9118189776017437,(0.8973693294596111+0j)
B3_ne_1.5,350.0,0.8,(0.9841474851917489+0j),(0.0008193757334203834+0j),(0.0001054990613935328+0j),(0.014927640013437077+0j),(0.02818911793730805+0j),0.9079313807390992,(0.8935383850810568+0j)
B3_ne_1.5,375.0,0.667,(0.9849873463247574+0j),(0.0008136922314585898+0j),(9.243657435920036e-05+0j),(0.014106524869424805+0j),(0.02710068656910647+0j),0.9136889407870987,(0.8999720451521628+0j)
B3_ne_1.5,375.0,0.8,(0.98485205091619+0j),(0.0005279538621943531+0j),(0.00010581538198596681+0j),(0.014514179839629899+0j),(0.027385010946007426+0j),0.9101376045262519,(0.8963508864336275+0j)
B3_ne_1.5,400.0,0.667,(0.9849421417403253+0j),(0.0005789719527104041+0j),(9.898311082977554e-05+0j),(0.014379903196134662+0j),(0.02713940075078103+0j),0.9131631374530044,(0.8994128563612772+0j)
B3_ne_1.5,400.0,0.8,(0.9846490548921518+0j),(0.0003860577480509705+0j),(0.00011351043200960787+0j),(0.014851376927787537+0j),(0.02740891882361063+0j),0.909375163557904,(0.8954153953396862+0j)
