d_organic_nm,wg_N1000,spp_N1000,sub_N1000,wg_N3000,spp_N3000,sub_N3000,wg_quad,spp_quad,sub_quad
10.0,0.004672,0.912076,0.046618,0.004709,0.912049,0.046613,0.004727,0.912032,0.046609
12.0,0.004490,0.907195,0.049257,0.004526,0.907170,0.049252,0.004542,0.907154,0.049248
14.0,0.004328,0.902096,0.052061,0.004362,0.902073,0.052055,0.004377,0.902058,0.052052
16.0,0.004183,0.896785,0.055034,0.004215,0.896765,0.055028,0.004230,0.896751,0.055024
18.0,0.004053,0.891272,0.058177,0.004084,0.891254,0.058170,0.004097,0.891240,0.058166
20.0,0.003937,0.885565,0.061491,0.003967,0.885549,0.061484,0.003979,0.885536,0.061480
22.0,0.003833,0.879675,0.064976,0.003862,0.879661,0.064969,0.003874,0.879648,0.064965
24.0,0.003740,0.873611,0.068630,0.003769,0.873598,0.068622,0.003780,0.873587,0.068618
26.0,0.003658,0.867384,0.072448,0.003686,0.867373,0.072440,0.003696,0.867361,0.072436
28.0,0.003586,0.861002,0.076427,0.003613,0.860993,0.076417,0.003623,0.860982,0.076413
30.0,0.003523,0.854476,0.080560,0.003550,0.854470,0.080549,0.003559,0.854458,0.080545
32.0,0.003469,0.847816,0.084840,0.003496,0.847811,0.084827,0.003504,0.847800,0.084824
34.0,0.003424,0.841029,0.089260,0.003451,0.841027,0.089245,0.003459,0.841016,0.089242
36.0,0.003388,0.834123,0.093812,0.003416,0.834126,0.093793,0.003422,0.834114,0.093791
38.0,0.003361,0.827108,0.098485,0.003389,0.827114,0.098463,0.003394,0.827102,0.098462
40.0,0.003343,0.819988,0.103271,0.003373,0.820001,0.103243,0.003377,0.819987,0.103243
42.0,0.003336,0.812771,0.108160,0.003369,0.812791,0.108123,0.003370,0.812776,0.108126
44.0,0.003341,0.805461,0.113139,0.003377,0.805492,0.113090,0.003376,0.805474,0.113096
46.0,0.003360,0.798061,0.118198,0.003403,0.798110,0.118129,0.003398,0.798088,0.118141
48.0,0.003396,0.790574,0.123324,0.003452,0.790651,0.123222,0.003439,0.790622,0.123243
50.0,0.003457,0.782994,0.128504,0.003537,0.783121,0.128341,0.003508,0.783080,0.128381
52.0,0.003553,0.775311,0.133725,0.003685,0.775531,0.133440,0.003620,0.775467,0.133520
54.0,0.003704,0.767511,0.138958,0.003991,0.767888,0.138410,0.003812,0.767785,0.138595
56.0,0.003958,0.759765,0.143980,0.005101,0.759957,0.142890,0.004210,0.760036,0.143426
58.0,0.004458,0.753011,0.147783,0.012308,0.748385,0.145464,0.005763,0.752246,0.147097
60.0,0.005820,0.747520,0.149571,0.007738,0.747058,0.148421,0.010654,0.744365,0.148331
62.0,0.015405,0.736605,0.149316,0.014865,0.737585,0.148894,0.016104,0.736434,0.148861
64.0,0.016633,0.731932,0.150254,0.022109,0.728202,0.149117,0.021614,0.728450,0.149273
66.0,0.037326,0.712688,0.148262,0.027171,0.720432,0.149631,0.027096,0.720412,0.149690
68.0,0.029095,0.714735,0.150797,0.032706,0.712237,0.150099,0.032519,0.712322,0.150158
70.0,0.031533,0.708736,0.151771,0.037904,0.704194,0.150670,0.037870,0.704181,0.150695
72.0,0.037265,0.700196,0.152308,0.043154,0.696008,0.151295,0.043138,0.695990,0.151311
74.0,0.045234,0.689926,0.152560,0.048361,0.687745,0.151994,0.048320,0.687751,0.152009
76.0,0.056688,0.677065,0.152313,0.053390,0.679500,0.152790,0.053411,0.679465,0.152792
78.0,0.063474,0.667481,0.152877,0.058413,0.671147,0.153655,0.058409,0.671133,0.153658
80.0,0.059733,0.665251,0.155240,0.063321,0.662764,0.154605,0.063312,0.662756,0.154607
82.0,0.066695,0.655301,0.155915,0.068123,0.654345,0.155639,0.068117,0.654337,0.155638
84.0,0.076676,0.643161,0.156134,0.072823,0.645887,0.156752,0.072823,0.645876,0.156749
86.0,0.073194,0.640272,0.158698,0.077426,0.637388,0.157942,0.077430,0.637375,0.157937
88.0,0.086007,0.626020,0.158529,0.081937,0.628844,0.159205,0.081935,0.628837,0.159201
90.0,0.082731,0.622684,0.161204,0.086336,0.620272,0.160543,0.086337,0.620263,0.160538
92.0,0.094105,0.609297,0.161360,0.090636,0.611663,0.161951,0.090636,0.611655,0.161945
94.0,0.091403,0.605275,0.164072,0.094830,0.603025,0.163428,0.094830,0.603017,0.163421
96.0,0.102496,0.591968,0.164340,0.098920,0.594357,0.164970,0.098919,0.594351,0.164963
98.0,0.099299,0.587989,0.167270,0.102901,0.585668,0.166578,0.102902,0.585660,0.166570
100.0,0.110454,0.574551,0.167576,0.106779,0.576954,0.168245,0.106778,0.576948,0.168238
102.0,0.107068,0.570418,0.170661,0.110545,0.568226,0.169974,0.110546,0.568219,0.169965
104.0,0.117443,0.557410,0.171154,0.114207,0.559483,0.171759,0.114206,0.559477,0.171750
106.0,0.114878,0.552503,0.174190,0.117759,0.550733,0.173600,0.117758,0.550728,0.173591
108.0,0.123655,0.540440,0.175028,0.121202,0.541982,0.175494,0.121202,0.541975,0.175485
110.0,0.122332,0.534547,0.177912,0.124541,0.533231,0.177441,0.124539,0.533226,0.177431
112.0,0.129680,0.523313,0.179069,0.127768,0.524493,0.179438,0.127767,0.524487,0.179429
114.0,0.128875,0.516935,0.181931,0.130892,0.515768,0.181484,0.130889,0.515763,0.181475
116.0,0.136032,0.505794,0.183156,0.133907,0.507070,0.183580,0.133906,0.507063,0.183570
118.0,0.134146,0.499913,0.186326,0.136822,0.498400,0.185722,0.136819,0.498395,0.185713
120.0,0.142901,0.487878,0.187228,0.139632,0.489772,0.187913,0.139629,0.489766,0.187904
122.0,0.138374,0.483385,0.191062,0.142344,0.481193,0.190150,0.142340,0.481187,0.190142
124.0,0.149398,0.470180,0.191470,0.144961,0.472671,0.192435,0.144955,0.472665,0.192428
126.0,0.143417,0.466390,0.195735,0.147481,0.464219,0.194770,0.147476,0.464212,0.194763
128.0,0.152283,0.454530,0.196645,0.149913,0.455845,0.197154,0.149908,0.455836,0.197148
130.0,0.152660,0.447300,0.199542,0.152263,0.447558,0.199590,0.152255,0.447550,0.199586
132.0,0.150682,0.441318,0.203053,0.154534,0.439371,0.202079,0.154522,0.439363,0.202077
134.0,0.161889,0.428595,0.203434,0.156731,0.431295,0.204625,0.156716,0.431286,0.204626
136.0,0.156340,0.424537,0.207923,0.158862,0.423340,0.207229,0.158842,0.423330,0.207234
138.0,0.157655,0.417055,0.210804,0.160934,0.415518,0.209895,0.160909,0.415505,0.209906
140.0,0.168635,0.404967,0.211292,0.162956,0.407838,0.212623,0.162924,0.407822,0.212642
142.0,0.164122,0.400570,0.215772,0.164939,0.400312,0.215415,0.164896,0.400290,0.215446
144.0,0.160841,0.395627,0.220053,0.166895,0.392949,0.218267,0.166837,0.392919,0.218318
146.0,0.170914,0.384555,0.220900,0.168851,0.385757,0.221169,0.168759,0.385716,0.221254
148.0,0.176956,0.375603,0.222854,0.170850,0.378743,0.224091,0.170682,0.378689,0.224243
150.0,0.170674,0.372432,0.228223,0.172987,0.371910,0.226962,0.172637,0.371844,0.227255
152.0,0.167176,0.368210,0.232817,0.175742,0.365136,0.229544,0.174704,0.365184,0.230203
154.0,0.173844,0.360037,0.234182,0.184157,0.356367,0.230229,0.177284,0.358673,0.232709
156.0,0.184733,0.350855,0.233648,0.181743,0.352898,0.233557,0.181639,0.352432,0.234040
158.0,0.190528,0.344517,0.234107,0.184255,0.347751,0.235217,0.186879,0.346359,0.234708
160.0,0.191076,0.340712,0.236052,0.194607,0.339607,0.234549,0.192206,0.340468,0.235380
162.0,0.208647,0.329943,0.233174,0.198890,0.334271,0.235732,0.197479,0.334768,0.236219
164.0,0.188336,0.335053,0.241727,0.203745,0.328876,0.236918,0.202677,0.329256,0.237277
166.0,0.197462,0.328060,0.241819,0.207630,0.324040,0.238597,0.207798,0.323928,0.238570
168.0,0.202397,0.322937,0.243399,0.212996,0.318750,0.240046,0.212848,0.318779,0.240103
170.0,0.216266,0.314372,0.242448,0.217603,0.313919,0.241943,0.217833,0.313802,0.241876
172.0,0.214763,0.312122,0.246468,0.222680,0.309044,0.243911,0.222763,0.308992,0.243884
174.0,0.233043,0.302171,0.244461,0.227566,0.304386,0.246149,0.227645,0.304340,0.246119
176.0,0.238901,0.297296,0.246549,0.232416,0.299879,0.248602,0.232485,0.299839,0.248572
178.0,0.236617,0.295710,0.251503,0.237332,0.295476,0.251228,0.237290,0.295482,0.251233
180.0,0.239801,0.292100,0.254891,0.242033,0.291281,0.254109,0.242065,0.291260,0.254088
182.0,0.245255,0.287732,0.257695,0.246841,0.287162,0.257126,0.246814,0.287165,0.257123
184.0,0.249804,0.283822,0.260964,0.251549,0.283193,0.260334,0.251541,0.283190,0.260324
186.0,0.252083,0.280867,0.265183,0.256270,0.279324,0.263679,0.256249,0.279327,0.263672
188.0,0.252809,0.278576,0.270123,0.260958,0.275565,0.267160,0.260940,0.275567,0.267151
190.0,0.253821,0.276249,0.275121,0.265591,0.271918,0.270767,0.265618,0.271904,0.270742
192.0,0.257354,0.273063,0.279315,0.270258,0.268343,0.274449,0.270281,0.268331,0.274425
194.0,0.265592,0.268232,0.281791,0.274980,0.264827,0.278178,0.274933,0.264841,0.278180
196.0,0.279527,0.261424,0.282031,0.279562,0.261434,0.282007,0.279572,0.261427,0.281987
198.0,0.295760,0.253898,0.281234,0.284191,0.258091,0.285845,0.284201,0.258085,0.285826
200.0,0.303901,0.249386,0.283555,0.288860,0.254795,0.289674,0.288817,0.254808,0.289675
202.0,0.297103,0.250263,0.292011,0.293376,0.251610,0.293552,0.293422,0.251591,0.293517
204.0,0.286296,0.252559,0.302318,0.298076,0.248410,0.297322,0.298015,0.248430,0.297332
206.0,0.286784,0.250864,0.307952,0.302550,0.245338,0.301138,0.302595,0.245320,0.301103
208.0,0.304969,0.243006,0.305800,0.307187,0.242250,0.304818,0.307162,0.242257,0.304813
210.0,0.330226,0.232786,0.300174,0.311759,0.239223,0.308445,0.311715,0.239237,0.308449
212.0,0.326023,0.232864,0.307559,0.316154,0.236292,0.312057,0.316252,0.236257,0.311997
214.0,0.304689,0.238821,0.322936,0.320852,0.233287,0.315424,0.320772,0.233313,0.315445
216.0,0.309855,0.235653,0.326091,0.325352,0.230379,0.318763,0.325276,0.230404,0.318784
218.0,0.344901,0.222369,0.314752,0.329646,0.227566,0.322076,0.329760,0.227526,0.322006
220.0,0.350027,0.219327,0.317408,0.334132,0.224708,0.325165,0.334225,0.224676,0.325104
222.0,0.317796,0.228838,0.338450,0.338757,0.221824,0.328045,0.338668,0.221853,0.328074
224.0,0.330475,0.223244,0.337287,0.343273,0.218994,0.330834,0.343088,0.219055,0.330913
226.0,0.376019,0.206806,0.319048,0.347620,0.216235,0.333562,0.347483,0.216280,0.333617
228.0,0.347106,0.215073,0.338670,0.351876,0.213519,0.336189,0.351853,0.213526,0.336187
230.0,0.328190,0.219943,0.353373,0.356112,0.210819,0.338679,0.356194,0.210791,0.338622
232.0,0.382683,0.200843,0.329121,0.360354,0.208125,0.341018,0.360506,0.208075,0.340923
234.0,0.371837,0.203080,0.339304,0.364599,0.205437,0.343206,0.364786,0.205376,0.343091
236.0,0.339510,0.212159,0.361302,0.368845,0.202754,0.345247,0.369032,0.202693,0.345131
238.0,0.396256,0.192665,0.334321,0.373104,0.200070,0.347133,0.373242,0.200025,0.347043
240.0,0.373595,0.198565,0.350993,0.377403,0.197376,0.348851,0.377414,0.197371,0.348831
242.0,0.356728,0.202527,0.364586,0.381742,0.194670,0.350400,0.381545,0.194731,0.350498
244.0,0.424193,0.180029,0.329974,0.386028,0.191979,0.351835,0.385633,0.192102,0.352049
246.0,0.363996,0.197439,0.368381,0.390041,0.189372,0.353287,0.389674,0.189485,0.353486
248.0,0.388620,0.188416,0.357789,0.393623,0.186892,0.354851,0.393666,0.186878,0.354813
250.0,0.415143,0.178899,0.345691,0.397119,0.184431,0.356334,0.397605,0.184282,0.356034
252.0,0.367245,0.192071,0.377611,0.401257,0.181766,0.357303,0.401488,0.181694,0.357152
254.0,0.448725,0.166023,0.332045,0.405836,0.178959,0.357868,0.405311,0.179116,0.358171
256.0,0.378396,0.185690,0.377758,0.409319,0.176472,0.358954,0.409071,0.176545,0.359093
258.0,0.427583,0.169572,0.350860,0.412103,0.174177,0.360337,0.412762,0.173981,0.359921
260.0,0.405509,0.174598,0.367401,0.416561,0.171372,0.360559,0.416381,0.171424,0.360658
262.0,0.400983,0.174366,0.373127,0.420483,0.168711,0.360969,0.419922,0.168873,0.361306
264.0,0.441421,0.161104,0.350569,0.422572,0.166561,0.362386,0.423381,0.166326,0.361867
266.0,0.391995,0.173694,0.384336,0.427312,0.163626,0.361999,0.426751,0.163785,0.362341
268.0,0.471002,0.149637,0.336679,0.429991,0.161259,0.362767,0.430028,0.161247,0.362732
270.0,0.393404,0.169835,0.388558,0.432774,0.158835,0.363326,0.433205,0.158713,0.363039
272.0,0.488061,0.141815,0.329915,0.437067,0.155963,0.362763,0.436275,0.156181,0.363263
274.0,0.396495,0.165338,0.391127,0.438254,0.153921,0.364049,0.439233,0.153651,0.363404
276.0,0.497186,0.136175,0.327580,0.443197,0.150820,0.362739,0.442071,0.151123,0.363462
278.0,0.399011,0.160822,0.393426,0.443617,0.148910,0.364211,0.444783,0.148596,0.363437
280.0,0.503145,0.131305,0.326677,0.448549,0.145758,0.362558,0.447362,0.146069,0.363328
282.0,0.402062,0.155972,0.394671,0.448779,0.143812,0.363820,0.449799,0.143543,0.363135
284.0,0.504766,0.127439,0.327997,0.452747,0.140852,0.362434,0.452090,0.141017,0.362858
286.0,0.408414,0.150091,0.392953,0.454296,0.138478,0.362459,0.454227,0.138492,0.362495
288.0,0.495329,0.126161,0.336023,0.455215,0.136218,0.362714,0.456204,0.135967,0.362046
290.0,0.422908,0.142059,0.384957,0.459777,0.133013,0.360345,0.458014,0.133443,0.361511
292.0,0.470597,0.128243,0.353609,0.458090,0.131304,0.361944,0.459654,0.130921,0.360889
294.0,0.452343,0.130463,0.366077,0.461270,0.128370,0.360090,0.461119,0.128401,0.360181
296.0,0.439142,0.131301,0.374971,0.464146,0.125482,0.358233,0.462406,0.125884,0.359388
298.0,0.499865,0.114984,0.334245,0.461623,0.123812,0.359780,0.463512,0.123372,0.358509
300.0,0.415558,0.131863,0.390216,0.464025,0.120966,0.357832,0.464436,0.120866,0.357548
302.0,0.535005,0.102886,0.309991,0.467657,0.117829,0.354863,0.465180,0.118369,0.356506
304.0,0.410374,0.127853,0.392259,0.465293,0.115989,0.355695,0.465746,0.115882,0.355385
306.0,0.490170,0.108266,0.338282,0.463559,0.113965,0.355906,0.466136,0.113407,0.354189
308.0,0.444777,0.115392,0.367236,0.466824,0.110862,0.352618,0.466356,0.110948,0.352921
310.0,0.421174,0.117657,0.381441,0.469438,0.107903,0.349596,0.466412,0.108506,0.351583
312.0,0.528177,0.093744,0.309633,0.467097,0.105944,0.349671,0.466313,0.106084,0.350179
314.0,0.409157,0.114676,0.385945,0.463434,0.104215,0.350436,0.466070,0.103685,0.348711
316.0,0.506547,0.093507,0.320695,0.462900,0.101863,0.348995,0.465692,0.101311,0.347178
318.0,0.450357,0.101637,0.355251,0.465382,0.098958,0.345460,0.465195,0.098965,0.345580
320.0,0.408119,0.106749,0.380296,0.467851,0.096097,0.341816,0.464594,0.096650,0.343910
322.0,0.538590,0.081128,0.294602,0.467805,0.093727,0.339663,0.463910,0.094367,0.342155
324.0,0.406167,0.101743,0.376620,0.465250,0.091826,0.338958,0.463169,0.092119,0.340291
326.0,0.456527,0.090690,0.342239,0.461812,0.090103,0.338618,0.462411,0.089907,0.338269
328.0,0.505268,0.080353,0.309204,0.459074,0.088321,0.337576,0.461705,0.087735,0.335992
330.0,0.384325,0.097246,0.381704,0.458165,0.086383,0.334984,0.461196,0.085601,0.333238
332.0,0.485488,0.079129,0.315973,0.461047,0.084241,0.329231,0.461352,0.083509,0.329353
334.0,0.470861,0.080346,0.319844,0.490896,0.078892,0.305518,0.465533,0.081410,0.320811
336.0,0.410128,0.090440,0.347284,0.477564,0.081342,0.305772,0.485226,0.079454,0.301678
338.0,0.539977,0.071484,0.262831,0.511180,0.076648,0.278251,0.503988,0.077487,0.282547
340.0,0.540258,0.071878,0.255357,0.521290,0.075241,0.265282,0.518316,0.075566,0.267039
342.0,0.454679,0.085150,0.295278,0.526003,0.074262,0.256267,0.529143,0.073688,0.254634
344.0,0.616050,0.059535,0.203219,0.538314,0.071753,0.244098,0.537333,0.071854,0.244659
346.0,0.505284,0.075842,0.256575,0.543985,0.070026,0.236311,0.543513,0.070064,0.236584
348.0,0.483019,0.078088,0.263307,0.547377,0.068455,0.230381,0.548135,0.068316,0.230015
350.0,0.619590,0.056459,0.190652,0.549728,0.066896,0.225549,0.551528,0.066611,0.224660
352.0,0.537850,0.067247,0.228335,0.550425,0.065472,0.222027,0.553939,0.064948,0.220301
354.0,0.478316,0.074289,0.254525,0.549996,0.064127,0.219473,0.555552,0.063326,0.216768
356.0,0.575426,0.059081,0.204872,0.550881,0.062536,0.216648,0.556512,0.061745,0.213934
358.0,0.593153,0.055255,0.194442,0.551601,0.060933,0.214242,0.556931,0.060203,0.211696
360.0,0.519043,0.063688,0.227967,0.553142,0.059202,0.211752,0.556899,0.058700,0.209971
362.0,0.534684,0.060025,0.219005,0.556386,0.057252,0.208744,0.556486,0.057236,0.208695
364.0,0.615842,0.048241,0.179743,0.559732,0.055311,0.205955,0.555752,0.055808,0.207814
366.0,0.504045,0.060590,0.230930,0.561466,0.053597,0.204155,0.554744,0.054417,0.207281
368.0,0.487305,0.060905,0.237804,0.559577,0.052341,0.204247,0.553501,0.053062,0.207060
370.0,0.617636,0.044149,0.176829,0.552601,0.051678,0.206871,0.552057,0.051740,0.207118
372.0,0.565124,0.048786,0.200688,0.545120,0.051050,0.209887,0.550437,0.050452,0.207427
374.0,0.492120,0.055341,0.234060,0.541308,0.050000,0.211360,0.548667,0.049197,0.207963
376.0,0.550070,0.047607,0.207218,0.543532,0.048316,0.210199,0.546764,0.047974,0.208704
378.0,0.620118,0.039022,0.174954,0.550012,0.046240,0.207212,0.544745,0.046781,0.209630
380.0,0.490907,0.050758,0.234591,0.551046,0.044778,0.206850,0.542624,0.045619,0.210723
382.0,0.467076,0.051564,0.245832,0.540949,0.044433,0.211726,0.540413,0.044485,0.211966
384.0,0.551301,0.042126,0.207291,0.530085,0.044134,0.217062,0.538122,0.043380,0.213342
386.0,0.580771,0.038185,0.194042,0.529712,0.042853,0.217644,0.535760,0.042302,0.214838
388.0,0.460757,0.047647,0.250143,0.538806,0.040767,0.213906,0.533334,0.041251,0.216438
390.0,0.501433,0.042730,0.231848,0.539696,0.039467,0.214022,0.530850,0.040225,0.218128
392.0,0.584917,0.034503,0.193545,0.524476,0.039545,0.221692,0.528315,0.039225,0.219896
394.0,0.571009,0.034583,0.200600,0.516044,0.039031,0.226263,0.525732,0.038250,0.221728
396.0,0.447368,0.043201,0.259179,0.525436,0.037116,0.222525,0.523107,0.037298,0.223612
398.0,0.474856,0.039807,0.247030,0.531344,0.035543,0.220414,0.520443,0.036369,0.225536
400.0,0.555506,0.032669,0.209726,0.512946,0.035817,0.229756,0.517745,0.035463,0.227489
402.0,0.550432,0.032036,0.212757,0.505042,0.035291,0.234180,0.515014,0.034579,0.229460
404.0,0.426654,0.039609,0.272131,0.519840,0.033193,0.227838,0.512255,0.033715,0.231437
406.0,0.470979,0.035430,0.251805,0.516533,0.032402,0.230049,0.509470,0.032873,0.233412
408.0,0.530652,0.030471,0.224006,0.495216,0.032797,0.240830,0.506663,0.032051,0.235373
410.0,0.594366,0.025527,0.194089,0.502522,0.031335,0.237932,0.503838,0.031248,0.237311
412.0,0.428209,0.034879,0.274237,0.513933,0.029680,0.233001,0.500998,0.030465,0.239215
414.0,0.440203,0.033098,0.269061,0.489368,0.030227,0.245273,0.498149,0.029701,0.241075
416.0,0.443040,0.031916,0.268212,0.489064,0.029321,0.245848,0.495296,0.028955,0.242879
418.0,0.613059,0.021489,0.186650,0.507416,0.027406,0.237356,0.492448,0.028227,0.244613
420.0,0.467881,0.028637,0.257045,0.481188,0.027988,0.250254,0.489615,0.027516,0.246258
422.0,0.433047,0.029565,0.274194,0.480753,0.027166,0.250605,0.486814,0.026823,0.247785
424.0,0.423850,0.029107,0.278895,0.500020,0.025378,0.241280,0.484077,0.026147,0.249150
426.0,0.499422,0.024502,0.242425,0.470676,0.026087,0.255151,0.481461,0.025488,0.250263
428.0,0.562717,0.020761,0.211588,0.480821,0.024887,0.249527,0.479131,0.024845,0.250907
430.0,0.405251,0.027503,0.286484,0.499605,0.023408,0.239052,0.477821,0.024213,0.250263
432.0,0.444617,0.025188,0.264770,0.470296,0.024285,0.250535,0.480988,0.023612,0.246263
434.0,0.415212,0.026138,0.274708,0.495095,0.022755,0.235722,0.487251,0.023014,0.239881
436.0,0.551998,0.019748,0.207129,0.493549,0.022455,0.233136,0.492890,0.022434,0.233719
438.0,0.546793,0.019677,0.206370,0.483951,0.022496,0.234278,0.497658,0.021870,0.228220
440.0,0.438177,0.023985,0.252272,0.516155,0.020717,0.216795,0.501619,0.021322,0.223411
442.0,0.463119,0.022504,0.238028,0.487615,0.021525,0.226812,0.504882,0.020789,0.219236
444.0,0.450011,0.022608,0.241057,0.517632,0.019863,0.211168,0.507552,0.020271,0.215625
446.0,0.559856,0.017725,0.190933,0.506105,0.019918,0.214051,0.509723,0.019768,0.212513
448.0,0.576737,0.016686,0.181928,0.503983,0.019578,0.213040,0.511476,0.019280,0.209841
450.0,0.450930,0.021177,0.234087,0.524901,0.018343,0.202428,0.512881,0.018806,0.207561
452.0,0.467077,0.020100,0.225590,0.497418,0.018973,0.212639,0.513998,0.018347,0.205630
454.0,0.427068,0.021124,0.241042,0.535160,0.017153,0.195483,0.514878,0.017902,0.204014
456.0,0.534142,0.016788,0.194984,0.499334,0.018056,0.209477,0.515567,0.017471,0.202683
458.0,0.640336,0.012666,0.149903,0.530235,0.016555,0.195729,0.516104,0.017054,0.201612
460.0,0.477358,0.017986,0.217113,0.505996,0.017012,0.205160,0.516522,0.016651,0.200781
462.0,0.431672,0.019113,0.235530,0.521102,0.016116,0.198421,0.516852,0.016261,0.200172
464.0,0.482726,0.017002,0.214055,0.514079,0.015982,0.201039,0.517119,0.015884,0.199770
466.0,0.474748,0.016877,0.217228,0.512544,0.015672,0.201559,0.517345,0.015519,0.199561
468.0,0.595741,0.012700,0.167235,0.521183,0.015051,0.198046,0.517549,0.015167,0.199535
470.0,0.579010,0.012934,0.174352,0.506930,0.015157,0.204175,0.517746,0.014827,0.199681
472.0,0.464653,0.016090,0.222149,0.526507,0.014239,0.196456,0.517950,0.014498,0.199990
474.0,0.445026,0.016322,0.230934,0.504012,0.014595,0.206364,0.518172,0.014181,0.200456
476.0,0.469775,0.015264,0.221425,0.529777,0.013545,0.196347,0.518421,0.013874,0.201071
478.0,0.476572,0.014755,0.219537,0.503478,0.014005,0.208232,0.518703,0.013578,0.201829
480.0,0.626365,0.010317,0.157509,0.531259,0.012951,0.197585,0.519023,0.013291,0.202723
482.0,0.577245,0.011438,0.179253,0.504934,0.013403,0.209898,0.519386,0.013014,0.203750
484.0,0.442037,0.014798,0.238124,0.530223,0.012466,0.200475,0.519794,0.012746,0.204905
486.0,0.431354,0.014788,0.244427,0.508407,0.012792,0.211293,0.520249,0.012486,0.206182
488.0,0.514896,0.012374,0.210148,0.526829,0.012077,0.204967,0.520751,0.012235,0.207578
490.0,0.460954,0.013492,0.235485,0.515028,0.012145,0.211852,0.521299,0.011991,0.209090
492.0,0.566459,0.010650,0.191103,0.520087,0.011797,0.211533,0.521893,0.011755,0.210714
494.0,0.634857,0.008807,0.162493,0.524153,0.011484,0.211749,0.522532,0.011526,0.212447
496.0,0.492319,0.012026,0.228204,0.510819,0.011594,0.219881,0.523213,0.011303,0.214286
498.0,0.414819,0.013617,0.265827,0.536834,0.010784,0.210393,0.523936,0.011087,0.216227
500.0,0.467601,0.012173,0.244525,0.502695,0.011378,0.228400,0.524697,0.010877,0.218270
