device,n_substrate,theta_horizontal,eta_sub,spp,wg,abs,Aprime,p_escape,eta_ext,EQE
reference,1.50,0.50,0.424681,0.392012,0.148178,0.035129,0.148808,0.380000,0.804640,0.341715
reference,1.50,0.51,0.431832,0.383915,0.148892,0.035361,0.148808,0.380000,0.804640,0.347469
reference,1.50,0.52,0.438947,0.375858,0.149603,0.035593,0.148808,0.380000,0.804640,0.353194
reference,1.50,0.53,0.446027,0.367840,0.150309,0.035823,0.148808,0.380000,0.804640,0.358891
reference,1.50,0.54,0.453073,0.359862,0.151013,0.036053,0.148808,0.380000,0.804640,0.364561
reference,1.50,0.55,0.460084,0.351922,0.151713,0.036281,0.148808,0.380000,0.804640,0.370202
reference,1.50,0.56,0.467061,0.344022,0.152409,0.036508,0.148808,0.380000,0.804640,0.375816
reference,1.50,0.57,0.474004,0.336160,0.153102,0.036734,0.148808,0.380000,0.804640,0.381403
reference,1.50,0.58,0.480913,0.328336,0.153792,0.036959,0.148808,0.380000,0.804640,0.386962
reference,1.50,0.59,0.487789,0.320550,0.154478,0.037183,0.148808,0.380000,0.804640,0.392494
reference,1.50,0.60,0.494631,0.312801,0.155161,0.037406,0.148808,0.380000,0.804640,0.398000
reference,1.50,0.61,0.501441,0.305090,0.155841,0.037628,0.148808,0.380000,0.804640,0.403479
reference,1.50,0.62,0.508218,0.297417,0.156518,0.037848,0.148808,0.380000,0.804640,0.408932
reference,1.50,0.63,0.514962,0.289779,0.157191,0.038068,0.148808,0.380000,0.804640,0.414359
reference,1.50,0.64,0.521674,0.282179,0.157861,0.038286,0.148808,0.380000,0.804640,0.419760
reference,1.50,0.65,0.528354,0.274615,0.158528,0.038504,0.148808,0.380000,0.804640,0.425135
reference,1.50,0.66,0.535002,0.267087,0.159191,0.038720,0.148808,0.380000,0.804640,0.430484
reference,1.50,0.67,0.541618,0.259594,0.159852,0.038936,0.148808,0.380000,0.804640,0.435808
reference,1.50,0.68,0.548203,0.252137,0.160509,0.039150,0.148808,0.380000,0.804640,0.441106
reference,1.50,0.69,0.554757,0.244716,0.161164,0.039363,0.148808,0.380000,0.804640,0.446380
reference,1.50,0.70,0.561280,0.237329,0.161815,0.039576,0.148808,0.380000,0.804640,0.451629
reference,1.50,0.71,0.567773,0.229977,0.162463,0.039787,0.148808,0.380000,0.804640,0.456853
reference,1.50,0.72,0.574234,0.222660,0.163108,0.039997,0.148808,0.380000,0.804640,0.462052
reference,1.50,0.73,0.580666,0.215377,0.163750,0.040207,0.148808,0.380000,0.804640,0.467227
reference,1.50,0.74,0.587067,0.208128,0.164389,0.040415,0.148808,0.380000,0.804640,0.472378
reference,1.50,0.75,0.593439,0.200913,0.165025,0.040623,0.148808,0.380000,0.804640,0.477505
reference,1.50,0.76,0.599781,0.193732,0.165658,0.040829,0.148808,0.380000,0.804640,0.482608
reference,1.50,0.77,0.606093,0.186584,0.166288,0.041035,0.148808,0.380000,0.804640,0.487687
reference,1.50,0.78,0.612377,0.179468,0.166916,0.041239,0.148808,0.380000,0.804640,0.492743
reference,1.50,0.79,0.618631,0.172386,0.167540,0.041443,0.148808,0.380000,0.804640,0.497775
reference,1.50,0.80,0.624856,0.165337,0.168161,0.041646,0.148808,0.380000,0.804640,0.502784
reference,1.50,0.81,0.631053,0.158320,0.168780,0.041847,0.148808,0.380000,0.804640,0.507771
reference,1.50,0.82,0.637221,0.151335,0.169396,0.042048,0.148808,0.380000,0.804640,0.512734
reference,1.50,0.83,0.643361,0.144382,0.170009,0.042248,0.148808,0.380000,0.804640,0.517674
reference,1.50,0.84,0.649473,0.137461,0.170619,0.042447,0.148808,0.380000,0.804640,0.522592
reference,1.50,0.85,0.655558,0.130571,0.171226,0.042645,0.148808,0.380000,0.804640,0.527488
reference,1.50,0.86,0.661614,0.123713,0.171831,0.042842,0.148808,0.380000,0.804640,0.532361
reference,1.50,0.87,0.667643,0.116886,0.172433,0.043039,0.148808,0.380000,0.804640,0.537212
reference,1.50,0.88,0.673645,0.110090,0.173032,0.043234,0.148808,0.380000,0.804640,0.542042
reference,1.50,0.89,0.679619,0.103324,0.173628,0.043428,0.148808,0.380000,0.804640,0.546849
reference,1.50,0.90,0.685567,0.096589,0.174222,0.043622,0.148808,0.380000,0.804640,0.551635
reference,1.50,0.91,0.691488,0.089884,0.174813,0.043815,0.148808,0.380000,0.804640,0.556399
reference,1.50,0.92,0.697382,0.083210,0.175401,0.044007,0.148808,0.380000,0.804640,0.561142
reference,1.50,0.93,0.703250,0.076565,0.175987,0.044198,0.148808,0.380000,0.804640,0.565863
reference,1.50,0.94,0.709092,0.069950,0.176570,0.044388,0.148808,0.380000,0.804640,0.570564
reference,1.50,0.95,0.714908,0.063364,0.177151,0.044577,0.148808,0.380000,0.804640,0.575243
reference,1.50,0.96,0.720698,0.056808,0.177729,0.044766,0.148808,0.380000,0.804640,0.579902
reference,1.50,0.97,0.726462,0.050280,0.178304,0.044953,0.148808,0.380000,0.804640,0.584540
reference,1.50,0.98,0.732200,0.043782,0.178877,0.045140,0.148808,0.380000,0.804640,0.589158
reference,1.50,0.99,0.737914,0.037312,0.179448,0.045326,0.148808,0.380000,0.804640,0.593755
reference,1.50,1.00,0.743602,0.030871,0.180015,0.045512,0.148808,0.380000,0.804640,0.598332
proposed,1.80,0.50,0.946148,0.037657,0.000000,0.016195,0.030993,0.305000,0.934034,0.883735
proposed,1.80,0.51,0.946748,0.037075,0.000000,0.016177,0.030993,0.305000,0.934034,0.884295
proposed,1.80,0.52,0.947349,0.036493,0.000000,0.016158,0.030993,0.305000,0.934034,0.884856
proposed,1.80,0.53,0.947950,0.035910,0.000000,0.016140,0.030993,0.305000,0.934034,0.885418
proposed,1.80,0.54,0.948551,0.035328,0.000000,0.016122,0.030993,0.305000,0.934034,0.885979
proposed,1.80,0.55,0.949152,0.034745,0.000000,0.016103,0.030993,0.305000,0.934034,0.886541
proposed,1.80,0.56,0.949754,0.034162,0.000000,0.016085,0.030993,0.305000,0.934034,0.887103
proposed,1.80,0.57,0.950355,0.033578,0.000000,0.016066,0.030993,0.305000,0.934034,0.887665
proposed,1.80,0.58,0.950958,0.032995,0.000000,0.016048,0.030993,0.305000,0.934034,0.888227
proposed,1.80,0.59,0.951560,0.032411,0.000000,0.016029,0.030993,0.305000,0.934034,0.888790
proposed,1.80,0.60,0.952162,0.031827,0.000000,0.016011,0.030993,0.305000,0.934034,0.889352
proposed,1.80,0.61,0.952765,0.031243,0.000000,0.015992,0.030993,0.305000,0.934034,0.889915
proposed,1.80,0.62,0.953368,0.030658,0.000000,0.015974,0.030993,0.305000,0.934034,0.890479
proposed,1.80,0.63,0.953971,0.030073,0.000000,0.015955,0.030993,0.305000,0.934034,0.891042
proposed,1.80,0.64,0.954575,0.029488,0.000000,0.015937,0.030993,0.305000,0.934034,0.891606
proposed,1.80,0.65,0.955179,0.028903,0.000000,0.015918,0.030993,0.305000,0.934034,0.892170
proposed,1.80,0.66,0.955783,0.028318,0.000000,0.015900,0.030993,0.305000,0.934034,0.892734
proposed,1.80,0.67,0.956387,0.027732,0.000000,0.015881,0.030993,0.305000,0.934034,0.893298
proposed,1.80,0.68,0.956991,0.027146,0.000000,0.015863,0.030993,0.305000,0.934034,0.893863
proposed,1.80,0.69,0.957596,0.026560,0.000000,0.015844,0.030993,0.305000,0.934034,0.894428
proposed,1.80,0.70,0.958201,0.025974,0.000000,0.015825,0.030993,0.305000,0.934034,0.894993
proposed,1.80,0.71,0.958806,0.025387,0.000000,0.015807,0.030993,0.305000,0.934034,0.895558
proposed,1.80,0.72,0.959411,0.024800,0.000000,0.015788,0.030993,0.305000,0.934034,0.896123
proposed,1.80,0.73,0.960017,0.024213,0.000000,0.015770,0.030993,0.305000,0.934034,0.896689
proposed,1.80,0.74,0.960623,0.023626,0.000000,0.015751,0.030993,0.305000,0.934034,0.897255
proposed,1.80,0.75,0.961229,0.023038,0.000000,0.015733,0.030993,0.305000,0.934034,0.897821
proposed,1.80,0.76,0.961836,0.022450,0.000000,0.015714,0.030993,0.305000,0.934034,0.898388
proposed,1.80,0.77,0.962442,0.021862,0.000000,0.015695,0.030993,0.305000,0.934034,0.898954
proposed,1.80,0.78,0.963049,0.021274,0.000000,0.015677,0.030993,0.305000,0.934034,0.899521
proposed,1.80,0.79,0.963656,0.020686,0.000000,0.015658,0.030993,0.305000,0.934034,0.900088
proposed,1.80,0.80,0.964264,0.020097,0.000000,0.015640,0.030993,0.305000,0.934034,0.900655
proposed,1.80,0.81,0.964871,0.019508,0.000000,0.015621,0.030993,0.305000,0.934034,0.901223
proposed,1.80,0.82,0.965479,0.018919,0.000000,0.015602,0.030993,0.305000,0.934034,0.901791
proposed,1.80,0.83,0.966087,0.018329,0.000000,0.015584,0.030993,0.305000,0.934034,0.902359
proposed,1.80,0.84,0.966696,0.017740,0.000000,0.015565,0.030993,0.305000,0.934034,0.902927
proposed,1.80,0.85,0.967304,0.017150,0.000000,0.015546,0.030993,0.305000,0.934034,0.903495
proposed,1.80,0.86,0.967913,0.016560,0.000000,0.015528,0.030993,0.305000,0.934034,0.904064
proposed,1.80,0.87,0.968522,0.015969,0.000000,0.015509,0.030993,0.305000,0.934034,0.904633
proposed,1.80,0.88,0.969131,0.015378,0.000000,0.015490,0.030993,0.305000,0.934034,0.905202
proposed,1.80,0.89,0.969741,0.014788,0.000000,0.015471,0.030993,0.305000,0.934034,0.905771
proposed,1.80,0.90,0.970351,0.014197,0.000000,0.015453,0.030993,0.305000,0.934034,0.906341
proposed,1.80,0.91,0.970961,0.013605,0.000000,0.015434,0.030993,0.305000,0.934034,0.906911
proposed,1.80,0.92,0.971571,0.013014,0.000000,0.015415,0.030993,0.305000,0.934034,0.907481
proposed,1.80,0.93,0.972182,0.012422,0.000000,0.015397,0.030993,0.305000,0.934034,0.908051
proposed,1.80,0.94,0.972792,0.011830,0.000000,0.015378,0.030993,0.305000,0.934034,0.908622
proposed,1.80,0.95,0.973403,0.011237,0.000000,0.015359,0.030993,0.305000,0.934034,0.909192
proposed,1.80,0.96,0.974015,0.010645,0.000000,0.015340,0.030993,0.305000,0.934034,0.909763
proposed,1.80,0.97,0.974626,0.010052,0.000000,0.015322,0.030993,0.305000,0.934034,0.910334
proposed,1.80,0.98,0.975238,0.009459,0.000000,0.015303,0.030993,0.305000,0.934034,0.910906
proposed,1.80,0.99,0.975850,0.008866,0.000000,0.015284,0.030993,0.305000,0.934034,0.911477
proposed,1.80,1.00,0.976462,0.008272,0.000000,0.015265,0.030993,0.305000,0.934034,0.912049
