angle_deg,HATCN 5 / Ag 8_air,MoOx 5 / Ag 8_air,ITO 70 (열처리 X)_air,ITO 70 (열처리 O)_air,IZO 70_air,HATCN 5 / Ag 8_n1.8,MoOx 5 / Ag 8_n1.8,ITO 70 (열처리 X)_n1.8,ITO 70 (열처리 O)_n1.8,IZO 70_n1.8
0,2.6490,7.5520,0.4540,0.2102,0.6304,5.1915,14.5182,0.6367,0.2792,0.8228
1,2.6494,7.5526,0.4541,0.2102,0.6305,5.1917,14.5185,0.6368,0.2792,0.8228
2,2.6505,7.5543,0.4545,0.2103,0.6308,5.1924,14.5195,0.6371,0.2793,0.8231
3,2.6525,7.5573,0.4551,0.2105,0.6313,5.1935,14.5213,0.6376,0.2795,0.8236
4,2.6553,7.5614,0.4560,0.2108,0.6321,5.1951,14.5237,0.6383,0.2797,0.8243
5,2.6589,7.5670,0.4571,0.2111,0.6330,5.1972,14.5268,0.6391,0.2800,0.8252
6,2.6634,7.5740,0.4585,0.2115,0.6342,5.1997,14.5306,0.6402,0.2804,0.8263
7,2.6688,7.5825,0.4602,0.2120,0.6356,5.2027,14.5352,0.6415,0.2809,0.8276
8,2.6752,7.5928,0.4621,0.2126,0.6372,5.2062,14.5405,0.6430,0.2814,0.8291
9,2.6827,7.6050,0.4643,0.2133,0.6390,5.2101,14.5466,0.6447,0.2820,0.8308
10,2.6912,7.6194,0.4668,0.2140,0.6411,5.2145,14.5534,0.6465,0.2827,0.8328
11,2.7009,7.6362,0.4695,0.2149,0.6434,5.2195,14.5611,0.6486,0.2835,0.8349
12,2.7120,7.6558,0.4725,0.2158,0.6459,5.2249,14.5695,0.6510,0.2843,0.8372
13,2.7245,7.6784,0.4759,0.2168,0.6488,5.2308,14.5788,0.6535,0.2852,0.8398
14,2.7385,7.7046,0.4795,0.2179,0.6518,5.2373,14.5890,0.6563,0.2862,0.8425
15,2.7542,7.7348,0.4834,0.2191,0.6552,5.2442,14.6001,0.6592,0.2873,0.8455
16,2.7719,7.7695,0.4876,0.2204,0.6589,5.2518,14.6120,0.6625,0.2885,0.8487
17,2.7917,7.8095,0.4921,0.2218,0.6628,5.2598,14.6250,0.6659,0.2897,0.8521
18,2.8140,7.8557,0.4970,0.2234,0.6671,5.2685,14.6389,0.6696,0.2910,0.8558
19,2.8390,7.9089,0.5022,0.2251,0.6718,5.2776,14.6538,0.6736,0.2924,0.8596
20,2.8672,7.9705,0.5077,0.2269,0.6769,5.2874,14.6697,0.6778,0.2939,0.8637
21,2.8991,8.0421,0.5136,0.2288,0.6825,5.2978,14.6867,0.6823,0.2954,0.8681
22,2.9354,8.1255,0.5200,0.2310,0.6885,5.3087,14.7048,0.6870,0.2971,0.8726
23,2.9770,8.2235,0.5267,0.2333,0.6952,5.3203,14.7240,0.6920,0.2988,0.8774
24,3.0250,8.3394,0.5340,0.2360,0.7027,5.3325,14.7443,0.6973,0.3006,0.8825
25,3.0813,8.4782,0.5419,0.2389,0.7112,5.3453,14.7658,0.7029,0.3025,0.8877
26,3.1480,8.6464,0.5506,0.2423,0.7209,5.3588,14.7885,0.7087,0.3045,0.8933
27,3.2287,8.8541,0.5604,0.2462,0.7323,5.3729,14.8124,0.7149,0.3066,0.8990
28,3.3288,9.1163,0.5716,0.2509,0.7463,5.3877,14.8376,0.7213,0.3088,0.9050
29,3.4569,9.4579,0.5852,0.2570,0.7641,5.4032,14.8640,0.7281,0.3111,0.9113
30,3.6287,9.9222,0.6027,0.2651,0.7881,5.4193,14.8918,0.7352,0.3135,0.9178
31,3.8744,10.5946,0.6277,0.2771,0.8237,5.4361,14.9208,0.7426,0.3159,0.9245
32,4.2663,11.6767,0.6695,0.2974,0.8842,5.4536,14.9511,0.7503,0.3185,0.9315
33,5.0504,13.8602,0.7643,0.3436,1.0215,5.4718,14.9828,0.7583,0.3211,0.9388
34,6.7183,19.1730,1.2257,0.5714,1.7060,5.4908,15.0157,0.7667,0.3239,0.9463
35,6.1933,17.4154,1.1743,0.5223,1.5543,5.5104,15.0501,0.7754,0.3267,0.9540
36,6.6469,17.9619,1.1912,0.5035,1.4872,5.5308,15.0858,0.7845,0.3297,0.9620
37,7.5405,19.4222,1.2389,0.5002,1.4659,5.5519,15.1229,0.7939,0.3327,0.9702
38,8.7480,21.4257,1.3059,0.5063,1.4728,5.5738,15.1613,0.8036,0.3358,0.9787
39,10.2002,23.7750,1.3868,0.5188,1.4986,5.5964,15.2012,0.8137,0.3390,0.9873
40,11.8337,26.3286,1.4789,0.5360,1.5381,5.6198,15.2424,0.8242,0.3423,0.9962
41,13.5773,28.9695,1.5804,0.5569,1.5880,5.6439,15.2850,0.8350,0.3457,1.0054
42,15.3488,31.5961,1.6902,0.5808,1.6464,5.6689,15.3289,0.8462,0.3492,1.0147
43,17.0597,34.1204,1.8074,0.6073,1.7121,5.6946,15.3743,0.8578,0.3528,1.0243
44,18.6237,36.4696,1.9315,0.6362,1.7841,5.7212,15.4211,0.8697,0.3564,1.0340
45,19.9677,38.5877,2.0619,0.6673,1.8618,5.7486,15.4693,0.8820,0.3602,1.0440
46,21.0406,40.4358,2.1980,0.7005,1.9450,5.7770,15.5189,0.8947,0.3640,1.0541
47,21.8180,41.9923,2.3394,0.7356,2.0333,5.8062,15.5699,0.9078,0.3679,1.0643
48,22.3016,43.2510,2.4857,0.7727,2.1266,5.8364,15.6225,0.9214,0.3719,1.0748
49,22.5144,44.2188,2.6362,0.8118,2.2250,5.8676,15.6765,0.9353,0.3760,1.0853
50,22.4936,44.9127,2.7905,0.8529,2.3283,5.8998,15.7321,0.9497,0.3801,1.0960
51,22.2834,45.3568,2.9479,0.8959,2.4367,5.9332,15.7892,0.9645,0.3843,1.1068
52,21.9286,45.5795,3.1079,0.9411,2.5503,5.9678,15.8481,0.9798,0.3886,1.1176
53,21.4709,45.6112,3.2696,0.9884,2.6693,6.0036,15.9086,0.9955,0.3929,1.1286
54,20.9464,45.4825,3.4324,1.0379,2.7938,6.0408,15.9710,1.0118,0.3973,1.1395
55,20.3850,45.2226,3.5954,1.0897,2.9242,6.0795,16.0352,1.0287,0.4018,1.1504
56,19.8103,44.8588,3.7578,1.1441,3.0607,6.1199,16.1016,1.0461,0.4062,1.1613
57,19.2402,44.4156,3.9184,1.2009,3.2036,6.1620,16.1701,1.0642,0.4108,1.1722
58,18.6882,43.9148,4.0763,1.2606,3.3534,6.2061,16.2409,1.0829,0.4153,1.1829
59,18.1638,43.3753,4.2304,1.3231,3.5104,6.2523,16.3142,1.1024,0.4199,1.1935
60,17.6734,42.8135,4.3795,1.3888,3.6752,6.3009,16.3903,1.1227,0.4245,1.2039
61,17.2214,42.2431,4.5222,1.4579,3.8484,6.3522,16.4693,1.1439,0.4290,1.2140
62,16.8103,41.6755,4.6573,1.5305,4.0305,6.4063,16.5515,1.1661,0.4336,1.2237
63,16.4412,41.1204,4.7833,1.6071,4.2222,6.4637,16.6371,1.1894,0.4381,1.2331
64,16.1144,40.5855,4.8987,1.6879,4.4244,6.5246,16.7263,1.2139,0.4426,1.2419
65,15.8294,40.0770,5.0019,1.7733,4.6377,6.5895,16.8195,1.2398,0.4470,1.2500
66,15.5850,39.6000,5.0914,1.8636,4.8633,6.6588,16.9170,1.2672,0.4512,1.2574
67,15.3798,39.1583,5.1655,1.9595,5.1021,6.7331,17.0188,1.2962,0.4553,1.2639
68,15.2117,38.7548,5.2226,2.0613,5.3553,6.8128,17.1254,1.3271,0.4592,1.2693
69,15.0784,38.3913,5.2608,2.1698,5.6241,6.8986,17.2368,1.3602,0.4628,1.2733
70,14.9769,38.0690,5.2786,2.2855,5.9097,6.9912,17.3532,1.3955,0.4660,1.2756
71,14.9037,37.7881,5.2742,2.4093,6.2137,7.0915,17.4746,1.4335,0.4687,1.2761
72,14.8548,37.5479,5.2461,2.5420,6.5373,7.2003,17.6008,1.4743,0.4708,1.2742
73,14.8249,37.3467,5.1925,2.6848,6.8821,7.3186,17.7314,1.5182,0.4722,1.2694
74,14.8079,37.1813,5.1122,2.8387,7.2493,7.4479,17.8659,1.5655,0.4725,1.2614
75,14.7960,37.0466,5.0038,3.0052,7.6399,7.5896,18.0033,1.6163,0.4716,1.2493
76,14.7793,36.9353,4.8661,3.1860,8.0541,7.7454,18.1420,1.6708,0.4691,1.2324
77,14.7455,36.8363,4.6983,3.3831,8.4913,7.9179,18.2798,1.7288,0.4646,1.2100
78,14.6790,36.7337,4.4997,3.5991,8.9489,8.1097,18.4135,1.7900,0.4578,1.1809
79,14.5602,36.6040,4.2699,3.8372,9.4211,8.3249,18.5384,1.8535,0.4480,1.1440
80,14.3644,36.4135,4.0090,4.1018,9.8975,8.5681,18.6478,1.9174,0.4346,1.0983
