quantity,x,HATCN 5 / Ag 7,HATCN 5 / Ag 8,TCO 50 k=0.01,TCO 50 k=0.03,TCO 50 k=0.05,TCO 50 k=0.10
A_vs_wavelength_pct_at_0deg,400,8.4765,7.6060,1.6907,4.9600,8.0858,15.3177
A_vs_wavelength_pct_at_0deg,405,7.8115,7.4548,1.6050,4.7133,7.6914,14.6054
A_vs_wavelength_pct_at_0deg,410,7.4648,6.9958,1.5238,4.4794,7.3168,13.9262
A_vs_wavelength_pct_at_0deg,415,6.9413,6.7311,1.4472,4.2583,6.9620,13.2801
A_vs_wavelength_pct_at_0deg,420,6.3222,6.0405,1.3751,4.0496,6.6266,12.6671
A_vs_wavelength_pct_at_0deg,425,5.8857,5.7935,1.3072,3.8530,6.3102,12.0867
A_vs_wavelength_pct_at_0deg,430,5.6620,5.5676,1.2435,3.6683,6.0124,11.5385
A_vs_wavelength_pct_at_0deg,435,5.2538,5.1620,1.1838,3.4949,5.7326,11.0217
A_vs_wavelength_pct_at_0deg,440,4.8858,4.8135,1.1280,3.3325,5.4702,10.5353
A_vs_wavelength_pct_at_0deg,445,4.7178,4.6125,1.0759,3.1806,5.2244,10.0785
A_vs_wavelength_pct_at_0deg,450,4.3619,4.3331,1.0272,3.0388,4.9946,9.6500
A_vs_wavelength_pct_at_0deg,455,4.1889,4.0834,0.9819,2.9065,4.7800,9.2490
A_vs_wavelength_pct_at_0deg,460,4.0235,3.7155,0.9398,2.7833,4.5800,8.8740
A_vs_wavelength_pct_at_0deg,465,3.7670,3.6179,0.9006,2.6688,4.3938,8.5241
A_vs_wavelength_pct_at_0deg,470,3.5459,3.4166,0.8643,2.5624,4.2207,8.1979
A_vs_wavelength_pct_at_0deg,475,3.3150,3.2142,0.8306,2.4637,4.0599,7.8945
A_vs_wavelength_pct_at_0deg,480,3.1310,3.0920,0.7995,2.3723,3.9109,7.6124
A_vs_wavelength_pct_at_0deg,485,2.9579,2.9289,0.7707,2.2877,3.7729,7.3508
A_vs_wavelength_pct_at_0deg,490,2.8758,2.7582,0.7441,2.2096,3.6453,7.1083
A_vs_wavelength_pct_at_0deg,495,2.7758,2.6752,0.7196,2.1375,3.5276,6.8841
A_vs_wavelength_pct_at_0deg,500,2.6710,2.5362,0.6970,2.0711,3.4190,6.6769
A_vs_wavelength_pct_at_0deg,505,2.5124,2.4545,0.6763,2.0100,3.3190,6.4858
A_vs_wavelength_pct_at_0deg,510,2.4296,2.3270,0.6573,1.9540,3.2271,6.3099
A_vs_wavelength_pct_at_0deg,515,2.4038,2.3009,0.6399,1.9026,3.1429,6.1482
A_vs_wavelength_pct_at_0deg,520,2.3091,2.2183,0.6239,1.8555,3.0657,5.9999
A_vs_wavelength_pct_at_0deg,525,2.2833,2.1787,0.6094,1.8125,2.9951,5.8641
A_vs_wavelength_pct_at_0deg,530,2.2294,2.1094,0.5961,1.7734,2.9308,5.7400
A_vs_wavelength_pct_at_0deg,535,2.1849,2.1266,0.5841,1.7378,2.8723,5.6269
A_vs_wavelength_pct_at_0deg,540,2.1618,2.1136,0.5732,1.7055,2.8191,5.5241
A_vs_wavelength_pct_at_0deg,545,2.1574,2.0433,0.5634,1.6762,2.7710,5.4308
A_vs_wavelength_pct_at_0deg,550,2.0942,2.0100,0.5545,1.6499,2.7276,5.3465
A_vs_wavelength_pct_at_0deg,555,2.1196,2.0296,0.5465,1.6262,2.6886,5.2705
A_vs_wavelength_pct_at_0deg,560,2.1456,2.0479,0.5394,1.6051,2.6536,5.2023
A_vs_wavelength_pct_at_0deg,565,2.1494,2.0719,0.5330,1.5862,2.6225,5.1413
A_vs_wavelength_pct_at_0deg,570,2.1806,2.0618,0.5274,1.5695,2.5948,5.0871
A_vs_wavelength_pct_at_0deg,575,2.1653,2.0892,0.5225,1.5547,2.5704,5.0391
A_vs_wavelength_pct_at_0deg,580,2.2197,2.0981,0.5182,1.5419,2.5490,4.9970
A_vs_wavelength_pct_at_0deg,585,2.2492,2.1666,0.5144,1.5307,2.5305,4.9602
A_vs_wavelength_pct_at_0deg,590,2.2754,2.2411,0.5112,1.5211,2.5145,4.9285
A_vs_wavelength_pct_at_0deg,595,2.3035,2.2324,0.5085,1.5130,2.5010,4.9014
A_vs_wavelength_pct_at_0deg,600,2.3269,2.2814,0.5063,1.5062,2.4897,4.8786
A_vs_wavelength_pct_at_0deg,605,2.3845,2.2925,0.5045,1.5007,2.4804,4.8598
A_vs_wavelength_pct_at_0deg,610,2.4428,2.3693,0.5030,1.4963,2.4730,4.8447
A_vs_wavelength_pct_at_0deg,615,2.5018,2.4435,0.5020,1.4931,2.4674,4.8329
A_vs_wavelength_pct_at_0deg,620,2.5660,2.4768,0.5012,1.4907,2.4634,4.8243
A_vs_wavelength_pct_at_0deg,625,2.6232,2.5268,0.5008,1.4893,2.4609,4.8186
A_vs_wavelength_pct_at_0deg,630,2.6860,2.6494,0.5006,1.4887,2.4598,4.8155
A_vs_wavelength_pct_at_0deg,635,2.7083,2.6879,0.5007,1.4889,2.4599,4.8149
A_vs_wavelength_pct_at_0deg,640,2.8854,2.7808,0.5010,1.4898,2.4612,4.8165
A_vs_wavelength_pct_at_0deg,645,2.8792,2.8753,0.5016,1.4913,2.4635,4.8201
A_vs_wavelength_pct_at_0deg,650,2.9974,2.9856,0.5023,1.4934,2.4667,4.8256
A_vs_wavelength_pct_at_0deg,655,3.1116,3.0775,0.5032,1.4960,2.4708,4.8328
A_vs_wavelength_pct_at_0deg,660,3.0890,3.0605,0.5043,1.4991,2.4758,4.8416
A_vs_wavelength_pct_at_0deg,665,3.2043,3.2010,0.5055,1.5026,2.4814,4.8517
A_vs_wavelength_pct_at_0deg,670,3.2693,3.2966,0.5069,1.5065,2.4877,4.8632
A_vs_wavelength_pct_at_0deg,675,3.4060,3.3883,0.5084,1.5108,2.4945,4.8757
A_vs_wavelength_pct_at_0deg,680,3.4936,3.4515,0.5100,1.5154,2.5019,4.8894
A_vs_wavelength_pct_at_0deg,685,3.6390,3.6104,0.5116,1.5202,2.5098,4.9039
A_vs_wavelength_pct_at_0deg,690,3.6772,3.6664,0.5134,1.5253,2.5180,4.9192
A_vs_wavelength_pct_at_0deg,695,3.7715,3.7949,0.5152,1.5307,2.5267,4.9353
A_vs_wavelength_pct_at_0deg,700,3.9270,4.0393,0.5171,1.5362,2.5356,4.9521
A_vs_wavelength_pct_at_0deg,705,4.0908,4.0693,0.5190,1.5419,2.5449,4.9693
A_vs_wavelength_pct_at_0deg,710,4.0252,4.1117,0.5210,1.5477,2.5544,4.9871
A_vs_wavelength_pct_at_0deg,715,4.2473,4.2484,0.5231,1.5537,2.5640,5.0053
A_vs_wavelength_pct_at_0deg,720,4.2131,4.3620,0.5252,1.5597,2.5739,5.0238
A_vs_wavelength_pct_at_0deg,725,4.4091,4.3672,0.5272,1.5659,2.5839,5.0426
A_vs_wavelength_pct_at_0deg,730,4.5421,4.4982,0.5294,1.5721,2.5940,5.0617
A_vs_wavelength_pct_at_0deg,735,4.6683,4.7198,0.5315,1.5783,2.6042,5.0809
A_vs_wavelength_pct_at_0deg,740,4.5975,4.8290,0.5336,1.5846,2.6144,5.1003
A_vs_wavelength_pct_at_0deg,745,5.0010,5.0980,0.5358,1.5909,2.6247,5.1197
A_vs_wavelength_pct_at_0deg,750,4.7896,5.0019,0.5379,1.5972,2.6350,5.1393
A_vs_wavelength_pct_at_0deg,755,5.1470,5.5147,0.5401,1.6036,2.6453,5.1588
A_vs_wavelength_pct_at_0deg,760,5.2224,5.3601,0.5422,1.6098,2.6555,5.1782
A_vs_wavelength_pct_at_0deg,765,5.5948,5.8101,0.5444,1.6161,2.6658,5.1977
A_vs_wavelength_pct_at_0deg,770,5.9044,5.9692,0.5465,1.6224,2.6760,5.2170
A_vs_wavelength_pct_at_0deg,775,5.8438,6.0410,0.5486,1.6285,2.6861,5.2362
A_vs_wavelength_pct_at_0deg,780,5.7073,6.2522,0.5507,1.6347,2.6961,5.2553
A_vs_wavelength_pct_at_0deg,785,6.1011,6.4080,0.5528,1.6408,2.7060,5.2742
A_vs_wavelength_pct_at_0deg,790,5.8213,6.2775,0.5548,1.6468,2.7159,5.2930
A_vs_wavelength_pct_at_0deg,795,6.1391,6.2807,0.5568,1.6527,2.7256,5.3115
A_vs_wavelength_pct_at_0deg,800,6.7407,6.3085,0.5588,1.6586,2.7352,5.3298
A_vs_angle_pct_at_550nm,0,2.0942,2.0100,0.5545,1.6499,2.7276,5.3465
A_vs_angle_pct_at_550nm,1,2.0947,2.0104,0.5547,1.6505,2.7286,5.3485
A_vs_angle_pct_at_550nm,2,2.0960,2.0116,0.5553,1.6523,2.7317,5.3544
A_vs_angle_pct_at_550nm,3,2.0982,2.0136,0.5563,1.6554,2.7367,5.3643
A_vs_angle_pct_at_550nm,4,2.1013,2.0164,0.5578,1.6597,2.7438,5.3781
A_vs_angle_pct_at_550nm,5,2.1054,2.0201,0.5596,1.6652,2.7529,5.3959
A_vs_angle_pct_at_550nm,6,2.1104,2.0247,0.5619,1.6719,2.7640,5.4176
A_vs_angle_pct_at_550nm,7,2.1165,2.0302,0.5646,1.6799,2.7772,5.4434
A_vs_angle_pct_at_550nm,8,2.1236,2.0367,0.5677,1.6891,2.7924,5.4731
A_vs_angle_pct_at_550nm,9,2.1318,2.0442,0.5712,1.6996,2.8097,5.5069
A_vs_angle_pct_at_550nm,10,2.1413,2.0528,0.5751,1.7114,2.8292,5.5448
A_vs_angle_pct_at_550nm,11,2.1521,2.0626,0.5795,1.7244,2.8507,5.5867
A_vs_angle_pct_at_550nm,12,2.1642,2.0737,0.5844,1.7388,2.8743,5.6327
A_vs_angle_pct_at_550nm,13,2.1779,2.0862,0.5896,1.7544,2.9001,5.6828
A_vs_angle_pct_at_550nm,14,2.1932,2.1003,0.5954,1.7714,2.9281,5.7371
A_vs_angle_pct_at_550nm,15,2.2105,2.1160,0.6015,1.7897,2.9583,5.7956
A_vs_angle_pct_at_550nm,16,2.2298,2.1337,0.6082,1.8095,2.9908,5.8584
A_vs_angle_pct_at_550nm,17,2.2514,2.1535,0.6153,1.8306,3.0255,5.9256
A_vs_angle_pct_at_550nm,18,2.2757,2.1758,0.6230,1.8532,3.0627,5.9972
A_vs_angle_pct_at_550nm,19,2.3030,2.2009,0.6312,1.8774,3.1024,6.0736
A_vs_angle_pct_at_550nm,20,2.3340,2.2292,0.6399,1.9032,3.1447,6.1548
A_vs_angle_pct_at_550nm,21,2.3691,2.2615,0.6492,1.9307,3.1898,6.2412
A_vs_angle_pct_at_550nm,22,2.4093,2.2984,0.6592,1.9601,3.2380,6.3332
A_vs_angle_pct_at_550nm,23,2.4556,2.3410,0.6699,1.9917,3.2896,6.4317
A_vs_angle_pct_at_550nm,24,2.5095,2.3906,0.6816,2.0259,3.3454,6.5376
A_vs_angle_pct_at_550nm,25,2.5732,2.4491,0.6942,2.0631,3.4061,6.6526
A_vs_angle_pct_at_550nm,26,2.6495,2.5192,0.7083,2.1043,3.4732,6.7790
A_vs_angle_pct_at_550nm,27,2.7429,2.6048,0.7242,2.1509,3.5488,6.9211
A_vs_angle_pct_at_550nm,28,2.8601,2.7122,0.7428,2.2051,3.6368,7.0856
A_vs_angle_pct_at_550nm,29,3.0124,2.8514,0.7655,2.2712,3.7437,7.2845
A_vs_angle_pct_at_550nm,30,3.2196,3.0401,0.7951,2.3571,3.8824,7.5411
A_vs_angle_pct_at_550nm,31,3.5217,3.3137,0.8376,2.4802,4.0808,7.9057
A_vs_angle_pct_at_550nm,32,4.0148,3.7566,0.9090,2.6867,4.4123,8.5111
A_vs_angle_pct_at_550nm,33,5.0399,4.6618,1.0736,3.1608,5.1711,9.8847
A_vs_angle_pct_at_550nm,34,7.1188,6.2974,1.8442,5.3789,8.7186,16.2868
A_vs_angle_pct_at_550nm,35,5.4418,4.9195,1.5792,4.6363,7.5625,14.3367
A_vs_angle_pct_at_550nm,36,5.0198,4.6304,1.4995,4.4138,7.2175,13.7627
A_vs_angle_pct_at_550nm,37,5.0051,4.7072,1.4891,4.3883,7.1835,13.7325
A_vs_angle_pct_at_550nm,38,5.2241,5.0067,1.5158,4.4687,7.3178,14.0000
A_vs_angle_pct_at_550nm,39,5.6120,5.4782,1.5660,4.6162,7.5588,14.4572
A_vs_angle_pct_at_550nm,40,6.1392,6.1002,1.6327,4.8113,7.8755,15.0483
A_vs_angle_pct_at_550nm,41,6.7909,6.8635,1.7123,5.0431,8.2501,15.7410
A_vs_angle_pct_at_550nm,42,7.5594,7.7641,1.8026,5.3049,8.6721,16.5157
A_vs_angle_pct_at_550nm,43,8.4401,8.7995,1.9020,5.5928,9.1348,17.3595
A_vs_angle_pct_at_550nm,44,9.4299,9.9669,2.0098,5.9040,9.6337,18.2635
A_vs_angle_pct_at_550nm,45,10.5257,11.2606,2.1254,6.2367,10.1658,19.2216
A_vs_angle_pct_at_550nm,46,11.7233,12.6713,2.2483,6.5900,10.7292,20.2293
A_vs_angle_pct_at_550nm,47,13.0167,14.1841,2.3786,6.9629,11.3223,21.2833
A_vs_angle_pct_at_550nm,48,14.3977,15.7777,2.5159,7.3551,11.9444,22.3809
A_vs_angle_pct_at_550nm,49,15.8547,17.4239,2.6603,7.7664,12.5948,23.5202
A_vs_angle_pct_at_550nm,50,17.3728,19.0875,2.8119,8.1968,13.2733,24.6996
A_vs_angle_pct_at_550nm,51,18.9337,20.7277,2.9708,8.6462,13.9796,25.9179
A_vs_angle_pct_at_550nm,52,20.5151,22.3001,3.1370,9.1150,14.7138,27.1741
A_vs_angle_pct_at_550nm,53,22.0920,23.7600,3.3109,9.6035,15.4761,28.4672
A_vs_angle_pct_at_550nm,54,23.6369,25.0654,3.4925,10.1120,16.2669,29.7967
A_vs_angle_pct_at_550nm,55,25.1209,26.1812,3.6822,10.6410,17.0865,31.1619
A_vs_angle_pct_at_550nm,56,26.5157,27.0819,3.8803,11.1911,17.9354,32.5624
A_vs_angle_pct_at_550nm,57,27.7943,27.7534,4.0871,11.7630,18.8141,33.9975
A_vs_angle_pct_at_550nm,58,28.9332,28.1938,4.3029,12.3574,19.7234,35.4669
A_vs_angle_pct_at_550nm,59,29.9135,28.4120,4.5282,12.9750,20.6640,36.9701
A_vs_angle_pct_at_550nm,60,30.7221,28.4262,4.7635,13.6167,21.6367,38.5065
A_vs_angle_pct_at_550nm,61,31.3518,28.2609,5.0092,14.2835,22.6422,40.0756
A_vs_angle_pct_at_550nm,62,31.8021,27.9446,5.2659,14.9762,23.6814,41.6766
A_vs_angle_pct_at_550nm,63,32.0780,27.5072,5.5341,15.6960,24.7552,43.3085
A_vs_angle_pct_at_550nm,64,32.1899,26.9779,5.8144,16.4439,25.8643,44.9701
A_vs_angle_pct_at_550nm,65,32.1522,26.3840,6.1076,17.2211,27.0096,46.6598
A_vs_angle_pct_at_550nm,66,31.9821,25.7501,6.4142,18.0285,28.1917,48.3756
A_vs_angle_pct_at_550nm,67,31.6989,25.0977,6.7350,18.8673,29.4110,50.1146
A_vs_angle_pct_at_550nm,68,31.3225,24.4454,7.0708,19.7384,30.6677,51.8735
A_vs_angle_pct_at_550nm,69,30.8733,23.8086,7.4222,20.6425,31.9615,53.6475
A_vs_angle_pct_at_550nm,70,30.3707,23.2007,7.7899,21.5804,33.2915,55.4306
A_vs_angle_pct_at_550nm,71,29.8336,22.6331,8.1746,22.5519,34.6560,57.2150
A_vs_angle_pct_at_550nm,72,29.2797,22.1157,8.5767,23.5568,36.0521,58.9906
A_vs_angle_pct_at_550nm,73,28.7255,21.6578,8.9965,24.5936,37.4755,60.7441
A_vs_angle_pct_at_550nm,74,28.1870,21.2684,9.4340,25.6598,38.9194,62.4585
A_vs_angle_pct_at_550nm,75,27.6793,20.9568,9.8885,26.7512,40.3745,64.1116
A_vs_angle_pct_at_550nm,76,27.2173,20.7338,10.3589,27.8612,41.8270,65.6745
A_vs_angle_pct_at_550nm,77,26.8162,20.6118,10.8427,28.9796,43.2579,67.1095
A_vs_angle_pct_at_550nm,78,26.4918,20.6063,11.3359,30.0914,44.6405,68.3677
A_vs_angle_pct_at_550nm,79,26.2611,20.7373,11.8320,31.1748,45.9375,69.3847
A_vs_angle_pct_at_550nm,80,26.1428,21.0307,12.3207,32.1977,47.0969,70.0761
