wavelength_nm,n,k
4.000000000000000000e+02,1.908959000000000072e+00,4.172200000000000214e-02
4.010000000000000000e+02,1.904919999999999947e+00,4.085899999999999949e-02
4.020000000000000000e+02,1.900975000000000081e+00,4.005399999999999933e-02
4.030000000000000000e+02,1.897121999999999975e+00,3.930299999999999766e-02
4.040000000000000000e+02,1.893358000000000096e+00,3.860100000000000336e-02
4.050000000000000000e+02,1.889679000000000109e+00,3.794600000000000056e-02
4.060000000000000000e+02,1.886082999999999954e+00,3.733399999999999913e-02
4.070000000000000000e+02,1.882565999999999962e+00,3.676200000000000301e-02
4.080000000000000000e+02,1.879126999999999992e+00,3.622700000000000226e-02
4.090000000000000000e+02,1.875761000000000012e+00,3.572600000000000081e-02
4.100000000000000000e+02,1.872468000000000021e+00,3.525799999999999768e-02
4.110000000000000000e+02,1.869242999999999988e+00,3.481999999999999679e-02
4.120000000000000000e+02,1.866084999999999994e+00,3.441000000000000308e-02
4.130000000000000000e+02,1.862991000000000064e+00,3.402600000000000069e-02
4.140000000000000000e+02,1.859960000000000058e+00,3.366700000000000248e-02
4.150000000000000000e+02,1.856988000000000083e+00,3.333099999999999952e-02
4.160000000000000000e+02,1.854074000000000000e+00,3.301799999999999874e-02
4.170000000000000000e+02,1.851215999999999973e+00,3.272400000000000309e-02
4.180000000000000000e+02,1.848411999999999944e+00,3.244999999999999968e-02
4.190000000000000000e+02,1.845660000000000078e+00,3.219400000000000039e-02
4.200000000000000000e+02,1.842958000000000096e+00,3.195599999999999830e-02
4.210000000000000000e+02,1.840305000000000080e+00,3.173399999999999832e-02
4.220000000000000000e+02,1.837698999999999971e+00,3.152699999999999947e-02
4.230000000000000000e+02,1.835139000000000076e+00,3.133600000000000274e-02
4.240000000000000000e+02,1.832622999999999891e+00,3.115800000000000167e-02
4.250000000000000000e+02,1.830149000000000026e+00,3.099400000000000072e-02
4.260000000000000000e+02,1.827717000000000036e+00,3.084200000000000136e-02
4.270000000000000000e+02,1.825325000000000086e+00,3.070300000000000112e-02
4.280000000000000000e+02,1.822972000000000037e+00,3.057500000000000148e-02
4.290000000000000000e+02,1.820656999999999970e+00,3.045899999999999996e-02
4.300000000000000000e+02,1.818378000000000050e+00,3.035300000000000151e-02
4.310000000000000000e+02,1.816135000000000055e+00,3.025699999999999917e-02
4.320000000000000000e+02,1.813925999999999927e+00,3.017200000000000090e-02
4.330000000000000000e+02,1.811750999999999889e+00,3.009600000000000122e-02
4.340000000000000000e+02,1.809609000000000023e+00,3.002900000000000014e-02
4.350000000000000000e+02,1.807498000000000049e+00,2.997100000000000111e-02
4.360000000000000000e+02,1.805417999999999967e+00,2.992099999999999968e-02
4.370000000000000000e+02,1.803368000000000082e+00,2.987899999999999931e-02
4.380000000000000000e+02,1.801347999999999949e+00,2.984600000000000100e-02
4.390000000000000000e+02,1.799355999999999955e+00,2.981999999999999929e-02
4.400000000000000000e+02,1.797390999999999961e+00,2.980100000000000110e-02
4.410000000000000000e+02,1.795454000000000105e+00,2.979000000000000051e-02
4.420000000000000000e+02,1.793543000000000109e+00,2.978599999999999998e-02
4.430000000000000000e+02,1.791657000000000055e+00,2.978799999999999851e-02
4.440000000000000000e+02,1.789797000000000082e+00,2.979700000000000057e-02
4.450000000000000000e+02,1.787960999999999911e+00,2.981200000000000169e-02
4.460000000000000000e+02,1.786148999999999987e+00,2.983399999999999941e-02
4.470000000000000000e+02,1.784361000000000086e+00,2.986099999999999866e-02
4.480000000000000000e+02,1.782594999999999930e+00,2.989400000000000043e-02
4.490000000000000000e+02,1.780850999999999962e+00,2.993300000000000127e-02
4.500000000000000000e+02,1.779130000000000100e+00,2.997800000000000117e-02
4.510000000000000000e+02,1.777428999999999926e+00,3.002799999999999914e-02
4.520000000000000000e+02,1.775749999999999940e+00,3.008299999999999863e-02
4.530000000000000000e+02,1.774089999999999945e+00,3.014299999999999966e-02
4.540000000000000000e+02,1.772450999999999999e+00,3.020799999999999874e-02
4.550000000000000000e+02,1.770831000000000044e+00,3.027799999999999936e-02
4.560000000000000000e+02,1.769230000000000080e+00,3.035300000000000151e-02
4.570000000000000000e+02,1.767648000000000108e+00,3.043300000000000172e-02
4.580000000000000000e+02,1.766083999999999987e+00,3.051699999999999899e-02
4.590000000000000000e+02,1.764537999999999940e+00,3.060500000000000026e-02
4.600000000000000000e+02,1.763009999999999966e+00,3.069799999999999959e-02
4.610000000000000000e+02,1.761498999999999926e+00,3.079499999999999946e-02
4.620000000000000000e+02,1.760005000000000042e+00,3.089700000000000085e-02
4.630000000000000000e+02,1.758528000000000091e+00,3.100199999999999831e-02
4.640000000000000000e+02,1.757066000000000017e+00,3.111099999999999977e-02
4.650000000000000000e+02,1.755621000000000098e+00,3.122399999999999828e-02
4.660000000000000000e+02,1.754191999999999974e+00,3.134100000000000080e-02
4.670000000000000000e+02,1.752777999999999947e+00,3.146199999999999691e-02
4.680000000000000000e+02,1.751379000000000019e+00,3.158699999999999702e-02
4.690000000000000000e+02,1.749994999999999967e+00,3.171500000000000014e-02
4.700000000000000000e+02,1.748625000000000096e+00,3.184599999999999931e-02
4.710000000000000000e+02,1.747270000000000101e+00,3.198100000000000248e-02
4.720000000000000000e+02,1.745929000000000064e+00,3.212000000000000272e-02
4.730000000000000000e+02,1.744601000000000068e+00,3.226099999999999801e-02
4.740000000000000000e+02,1.743287999999999949e+00,3.240599999999999731e-02
4.750000000000000000e+02,1.741986999999999952e+00,3.255399999999999960e-02
4.760000000000000000e+02,1.740699999999999914e+00,3.270599999999999896e-02
4.770000000000000000e+02,1.739425999999999917e+00,3.286000000000000032e-02
4.780000000000000000e+02,1.738164999999999960e+00,3.301699999999999774e-02
4.790000000000000000e+02,1.736915999999999904e+00,3.317799999999999916e-02
4.800000000000000000e+02,1.735679999999999890e+00,3.334100000000000258e-02
4.810000000000000000e+02,1.734455999999999998e+00,3.350700000000000206e-02
4.820000000000000000e+02,1.733244000000000007e+00,3.367599999999999760e-02
4.830000000000000000e+02,1.732042999999999999e+00,3.384800000000000308e-02
4.840000000000000000e+02,1.730855000000000032e+00,3.402199999999999669e-02
4.850000000000000000e+02,1.729678000000000049e+00,3.419900000000000023e-02
4.860000000000000000e+02,1.728512000000000048e+00,3.437799999999999884e-02
4.870000000000000000e+02,1.727357000000000031e+00,3.456100000000000144e-02
4.880000000000000000e+02,1.726212999999999997e+00,3.474499999999999811e-02
4.890000000000000000e+02,1.725079999999999947e+00,3.493199999999999777e-02
4.900000000000000000e+02,1.723958000000000101e+00,3.512200000000000044e-02
4.910000000000000000e+02,1.722847000000000017e+00,3.531399999999999817e-02
4.920000000000000000e+02,1.721745000000000081e+00,3.550799999999999790e-02
4.930000000000000000e+02,1.720653999999999906e+00,3.570399999999999963e-02
4.940000000000000000e+02,1.719573999999999936e+00,3.590299999999999742e-02
4.950000000000000000e+02,1.718502999999999892e+00,3.610300000000000314e-02
4.960000000000000000e+02,1.717441999999999913e+00,3.630599999999999800e-02
4.970000000000000000e+02,1.716391000000000000e+00,3.651100000000000179e-02
4.980000000000000000e+02,1.715349000000000013e+00,3.671900000000000164e-02
4.990000000000000000e+02,1.714317000000000091e+00,3.692800000000000249e-02
5.000000000000000000e+02,1.713295000000000012e+00,3.713899999999999840e-02
5.010000000000000000e+02,1.712280999999999942e+00,3.735200000000000325e-02
5.020000000000000000e+02,1.711276999999999937e+00,3.756600000000000217e-02
5.030000000000000000e+02,1.710282000000000080e+00,3.778299999999999714e-02
5.040000000000000000e+02,1.709295999999999927e+00,3.800200000000000106e-02
5.050000000000000000e+02,1.708318000000000003e+00,3.822199999999999903e-02
5.060000000000000000e+02,1.707349999999999923e+00,3.844399999999999901e-02
5.070000000000000000e+02,1.706390000000000073e+00,3.866699999999999998e-02
5.080000000000000000e+02,1.705438000000000009e+00,3.889299999999999702e-02
5.090000000000000000e+02,1.704495000000000093e+00,3.912000000000000199e-02
5.100000000000000000e+02,1.703561000000000103e+00,3.934800000000000103e-02
5.110000000000000000e+02,1.702633999999999981e+00,3.957800000000000207e-02
5.120000000000000000e+02,1.701716000000000006e+00,3.980899999999999717e-02
5.130000000000000000e+02,1.700806000000000040e+00,4.004200000000000120e-02
5.140000000000000000e+02,1.699904000000000082e+00,4.027700000000000030e-02
5.150000000000000000e+02,1.699009999999999909e+00,4.051199999999999940e-02
5.160000000000000000e+02,1.698123000000000049e+00,4.075000000000000150e-02
5.170000000000000000e+02,1.697244999999999893e+00,4.098799999999999666e-02
5.180000000000000000e+02,1.696372999999999909e+00,4.122800000000000076e-02
5.190000000000000000e+02,1.695510000000000073e+00,4.146799999999999792e-02
5.200000000000000000e+02,1.694654000000000105e+00,4.170999999999999708e-02
5.210000000000000000e+02,1.693805000000000005e+00,4.195399999999999824e-02
5.220000000000000000e+02,1.692963999999999913e+00,4.219799999999999940e-02
5.230000000000000000e+02,1.692129999999999912e+00,4.244300000000000156e-02
5.240000000000000000e+02,1.691303000000000001e+00,4.268999999999999878e-02
5.250000000000000000e+02,1.690484000000000098e+00,4.293700000000000294e-02
5.260000000000000000e+02,1.689670999999999923e+00,4.318600000000000216e-02
5.270000000000000000e+02,1.688865000000000061e+00,4.343500000000000139e-02
5.280000000000000000e+02,1.688066000000000066e+00,4.368600000000000261e-02
5.290000000000000000e+02,1.687273999999999941e+00,4.393699999999999689e-02
5.300000000000000000e+02,1.686488999999999905e+00,4.418899999999999911e-02
5.310000000000000000e+02,1.685710999999999959e+00,4.444200000000000234e-02
5.320000000000000000e+02,1.684938999999999965e+00,4.469599999999999962e-02
5.330000000000000000e+02,1.684174000000000060e+00,4.494999999999999690e-02
5.340000000000000000e+02,1.683415000000000106e+00,4.520500000000000212e-02
5.350000000000000000e+02,1.682662000000000102e+00,4.546100000000000141e-02
5.360000000000000000e+02,1.681915999999999967e+00,4.571800000000000169e-02
5.370000000000000000e+02,1.681176999999999921e+00,4.597500000000000198e-02
5.380000000000000000e+02,1.680442999999999909e+00,4.623300000000000326e-02
5.390000000000000000e+02,1.679715999999999987e+00,4.649099999999999761e-02
5.400000000000000000e+02,1.678995000000000015e+00,4.674999999999999989e-02
5.410000000000000000e+02,1.678279999999999994e+00,4.700900000000000217e-02
5.420000000000000000e+02,1.677570999999999923e+00,4.726899999999999852e-02
5.430000000000000000e+02,1.676868000000000025e+00,4.752900000000000180e-02
5.440000000000000000e+02,1.676171000000000078e+00,4.778999999999999915e-02
5.450000000000000000e+02,1.675478999999999941e+00,4.805100000000000343e-02
5.460000000000000000e+02,1.674793999999999894e+00,4.831200000000000078e-02
5.470000000000000000e+02,1.674114000000000102e+00,4.857399999999999912e-02
5.480000000000000000e+02,1.673440000000000039e+00,4.883599999999999747e-02
5.490000000000000000e+02,1.672771000000000008e+00,4.909800000000000275e-02
5.500000000000000000e+02,1.672107999999999928e+00,4.936000000000000110e-02
5.510000000000000000e+02,1.671451000000000020e+00,4.962300000000000044e-02
5.520000000000000000e+02,1.670798999999999923e+00,4.988599999999999979e-02
5.530000000000000000e+02,1.670152000000000081e+00,5.014899999999999913e-02
5.540000000000000000e+02,1.669510999999999967e+00,5.041199999999999848e-02
5.550000000000000000e+02,1.668875000000000108e+00,5.067499999999999782e-02
5.560000000000000000e+02,1.668244000000000060e+00,5.093899999999999817e-02
5.570000000000000000e+02,1.667618999999999962e+00,5.120199999999999751e-02
5.580000000000000000e+02,1.666997999999999980e+00,5.146499999999999686e-02
5.590000000000000000e+02,1.666382999999999948e+00,5.172899999999999721e-02
5.600000000000000000e+02,1.665772999999999948e+00,5.199199999999999655e-02
5.610000000000000000e+02,1.665167999999999981e+00,5.225500000000000284e-02
5.620000000000000000e+02,1.664566999999999908e+00,5.251800000000000218e-02
5.630000000000000000e+02,1.663972000000000007e+00,5.278100000000000153e-02
5.640000000000000000e+02,1.663381999999999916e+00,5.304400000000000087e-02
5.650000000000000000e+02,1.662795999999999941e+00,5.330700000000000022e-02
5.660000000000000000e+02,1.662214999999999998e+00,5.356899999999999856e-02
5.670000000000000000e+02,1.661639000000000088e+00,5.383199999999999791e-02
5.680000000000000000e+02,1.661067000000000071e+00,5.409400000000000319e-02
5.690000000000000000e+02,1.660501000000000005e+00,5.435600000000000154e-02
5.700000000000000000e+02,1.659937999999999914e+00,5.461699999999999888e-02
5.710000000000000000e+02,1.659380999999999995e+00,5.487899999999999723e-02
5.720000000000000000e+02,1.658827000000000051e+00,5.514000000000000151e-02
5.730000000000000000e+02,1.658279000000000059e+00,5.539999999999999786e-02
5.740000000000000000e+02,1.657734000000000041e+00,5.566100000000000214e-02
5.750000000000000000e+02,1.657194000000000056e+00,5.591999999999999749e-02
5.760000000000000000e+02,1.656659000000000104e+00,5.618000000000000077e-02
5.770000000000000000e+02,1.656126999999999905e+00,5.643900000000000305e-02
5.780000000000000000e+02,1.655599999999999961e+00,5.669699999999999740e-02
5.790000000000000000e+02,1.655076999999999909e+00,5.695599999999999968e-02
5.800000000000000000e+02,1.654557999999999973e+00,5.721299999999999997e-02
5.810000000000000000e+02,1.654042999999999930e+00,5.747000000000000025e-02
5.820000000000000000e+02,1.653532000000000002e+00,5.772700000000000053e-02
5.830000000000000000e+02,1.653026000000000106e+00,5.798299999999999982e-02
5.840000000000000000e+02,1.652522999999999964e+00,5.823799999999999810e-02
5.850000000000000000e+02,1.652023999999999937e+00,5.849300000000000332e-02
5.860000000000000000e+02,1.651529000000000025e+00,5.874700000000000061e-02
5.870000000000000000e+02,1.651038000000000006e+00,5.900099999999999789e-02
5.880000000000000000e+02,1.650551000000000101e+00,5.925400000000000111e-02
5.890000000000000000e+02,1.650068000000000090e+00,5.950600000000000334e-02
5.900000000000000000e+02,1.649588000000000054e+00,5.975799999999999862e-02
5.910000000000000000e+02,1.649111999999999911e+00,6.000899999999999984e-02
5.920000000000000000e+02,1.648640000000000105e+00,6.025900000000000006e-02
5.930000000000000000e+02,1.648171000000000053e+00,6.050900000000000029e-02
5.940000000000000000e+02,1.647705999999999893e+00,6.075799999999999951e-02
5.950000000000000000e+02,1.647243999999999930e+00,6.100599999999999773e-02
5.960000000000000000e+02,1.646786000000000083e+00,6.125300000000000189e-02
5.970000000000000000e+02,1.646331999999999907e+00,6.149999999999999911e-02
5.980000000000000000e+02,1.645880000000000010e+00,6.174500000000000127e-02
5.990000000000000000e+02,1.645432000000000006e+00,6.199000000000000343e-02
6.000000000000000000e+02,1.644987999999999895e+00,6.223399999999999765e-02
6.010000000000000000e+02,1.644546999999999981e+00,6.247699999999999781e-02
6.020000000000000000e+02,1.644109000000000043e+00,6.271999999999999797e-02
6.030000000000000000e+02,1.643674000000000079e+00,6.296100000000000307e-02
6.040000000000000000e+02,1.643243000000000009e+00,6.320199999999999430e-02
6.050000000000000000e+02,1.642814999999999914e+00,6.344099999999999739e-02
6.060000000000000000e+02,1.642390000000000017e+00,6.368000000000000049e-02
6.070000000000000000e+02,1.641968000000000094e+00,6.391800000000000259e-02
6.080000000000000000e+02,1.641548999999999925e+00,6.415500000000000369e-02
6.090000000000000000e+02,1.641132999999999953e+00,6.439100000000000379e-02
6.100000000000000000e+02,1.640719999999999956e+00,6.462600000000000289e-02
6.110000000000000000e+02,1.640309999999999935e+00,6.486000000000000099e-02
6.120000000000000000e+02,1.639903000000000111e+00,6.509299999999999808e-02
6.130000000000000000e+02,1.639499000000000040e+00,6.532499999999999418e-02
6.140000000000000000e+02,1.639097000000000026e+00,6.555600000000000316e-02
6.150000000000000000e+02,1.638698999999999906e+00,6.578599999999999726e-02
6.160000000000000000e+02,1.638303000000000065e+00,6.601500000000000423e-02
6.170000000000000000e+02,1.637909999999999977e+00,6.624299999999999633e-02
6.180000000000000000e+02,1.637520000000000087e+00,6.647000000000000131e-02
6.190000000000000000e+02,1.637132999999999949e+00,6.669500000000000428e-02
6.200000000000000000e+02,1.636748000000000092e+00,6.691999999999999338e-02
6.210000000000000000e+02,1.636365999999999987e+00,6.714399999999999535e-02
6.220000000000000000e+02,1.635985999999999940e+00,6.736699999999999633e-02
6.230000000000000000e+02,1.635609000000000091e+00,6.758799999999999530e-02
6.240000000000000000e+02,1.635234000000000076e+00,6.780799999999999328e-02
6.250000000000000000e+02,1.634862000000000037e+00,6.802800000000000513e-02
6.260000000000000000e+02,1.634492999999999974e+00,6.824600000000000111e-02
6.270000000000000000e+02,1.634125000000000050e+00,6.846299999999999608e-02
6.280000000000000000e+02,1.633761000000000019e+00,6.867900000000000393e-02
6.290000000000000000e+02,1.633397999999999906e+00,6.889399999999999691e-02
6.300000000000000000e+02,1.633037999999999990e+00,6.910700000000000176e-02
6.310000000000000000e+02,1.632681000000000049e+00,6.932000000000000661e-02
6.320000000000000000e+02,1.632325000000000026e+00,6.953099999999999559e-02
6.330000000000000000e+02,1.631971999999999978e+00,6.974099999999999744e-02
6.340000000000000000e+02,1.631620999999999988e+00,6.994999999999999829e-02
6.350000000000000000e+02,1.631272000000000055e+00,7.015799999999999814e-02
6.360000000000000000e+02,1.630924999999999958e+00,7.036499999999999699e-02
6.370000000000000000e+02,1.630581000000000058e+00,7.056999999999999384e-02
6.380000000000000000e+02,1.630238999999999994e+00,7.077400000000000357e-02
6.390000000000000000e+02,1.629898000000000069e+00,7.097699999999999843e-02
6.400000000000000000e+02,1.629559999999999897e+00,7.117900000000000615e-02
6.410000000000000000e+02,1.629224000000000006e+00,7.137999999999999901e-02
6.420000000000000000e+02,1.628889000000000031e+00,7.157900000000000373e-02
6.430000000000000000e+02,1.628557000000000032e+00,7.177699999999999358e-02
6.440000000000000000e+02,1.628227000000000091e+00,7.197399999999999631e-02
6.450000000000000000e+02,1.627898000000000067e+00,7.216999999999999804e-02
6.460000000000000000e+02,1.627571000000000101e+00,7.236399999999999777e-02
6.470000000000000000e+02,1.627247000000000110e+00,7.255799999999999750e-02
6.480000000000000000e+02,1.626924000000000037e+00,7.274999999999999523e-02
6.490000000000000000e+02,1.626603000000000021e+00,7.294000000000000483e-02
6.500000000000000000e+02,1.626282999999999923e+00,7.313000000000000056e-02
6.510000000000000000e+02,1.625966000000000022e+00,7.331799999999999429e-02
6.520000000000000000e+02,1.625650000000000039e+00,7.350500000000000089e-02
6.530000000000000000e+02,1.625334999999999974e+00,7.369100000000000650e-02
6.540000000000000000e+02,1.625023000000000106e+00,7.387499999999999623e-02
6.550000000000000000e+02,1.624711999999999934e+00,7.405899999999999983e-02
6.560000000000000000e+02,1.624403000000000041e+00,7.424100000000000144e-02
6.570000000000000000e+02,1.624095000000000066e+00,7.442100000000000104e-02
6.580000000000000000e+02,1.623788999999999927e+00,7.460100000000000064e-02
6.590000000000000000e+02,1.623483999999999927e+00,7.477899999999999825e-02
6.600000000000000000e+02,1.623180999999999985e+00,7.495599999999999485e-02
6.610000000000000000e+02,1.622878999999999960e+00,7.513100000000000334e-02
6.620000000000000000e+02,1.622578999999999994e+00,7.530599999999999794e-02
6.630000000000000000e+02,1.622279999999999944e+00,7.547900000000000442e-02
6.640000000000000000e+02,1.621982999999999953e+00,7.565099999999999603e-02
6.650000000000000000e+02,1.621687000000000101e+00,7.582099999999999951e-02
6.660000000000000000e+02,1.621393000000000084e+00,7.599000000000000199e-02
6.670000000000000000e+02,1.621099999999999985e+00,7.615800000000000347e-02
6.680000000000000000e+02,1.620808000000000026e+00,7.632500000000000395e-02
6.690000000000000000e+02,1.620516999999999985e+00,7.649000000000000243e-02
6.700000000000000000e+02,1.620228000000000002e+00,7.665500000000000091e-02
6.710000000000000000e+02,1.619939999999999936e+00,7.681699999999999640e-02
6.720000000000000000e+02,1.619653000000000009e+00,7.697900000000000575e-02
6.730000000000000000e+02,1.619367999999999919e+00,7.713899999999999924e-02
6.740000000000000000e+02,1.619083000000000050e+00,7.729800000000000559e-02
6.750000000000000000e+02,1.618800000000000017e+00,7.745599999999999707e-02
6.760000000000000000e+02,1.618517999999999901e+00,7.761300000000000143e-02
6.770000000000000000e+02,1.618236999999999925e+00,7.776800000000000379e-02
6.780000000000000000e+02,1.617957000000000090e+00,7.792200000000000515e-02
6.790000000000000000e+02,1.617677999999999949e+00,7.807400000000000451e-02
6.800000000000000000e+02,1.617401000000000089e+00,7.822600000000000386e-02
6.810000000000000000e+02,1.617124000000000006e+00,7.837600000000000122e-02
6.820000000000000000e+02,1.616848000000000063e+00,7.852499999999999758e-02
6.830000000000000000e+02,1.616573999999999955e+00,7.867200000000000581e-02
6.840000000000000000e+02,1.616300000000000070e+00,7.881799999999999917e-02
6.850000000000000000e+02,1.616027000000000102e+00,7.896300000000000541e-02
6.860000000000000000e+02,1.615755999999999970e+00,7.910699999999999676e-02
6.870000000000000000e+02,1.615485000000000060e+00,7.925000000000000100e-02
6.880000000000000000e+02,1.615215000000000067e+00,7.939100000000000323e-02
6.890000000000000000e+02,1.614945999999999993e+00,7.953100000000000447e-02
6.900000000000000000e+02,1.614678000000000058e+00,7.966900000000000370e-02
6.910000000000000000e+02,1.614409999999999901e+00,7.980700000000000294e-02
6.920000000000000000e+02,1.614144000000000023e+00,7.994300000000000017e-02
6.930000000000000000e+02,1.613877999999999924e+00,8.007799999999999641e-02
6.940000000000000000e+02,1.613612999999999964e+00,8.021200000000000552e-02
6.950000000000000000e+02,1.613348999999999922e+00,8.034399999999999875e-02
6.960000000000000000e+02,1.613085000000000102e+00,8.047500000000000486e-02
6.970000000000000000e+02,1.612822999999999896e+00,8.060499999999999610e-02
6.980000000000000000e+02,1.612560999999999911e+00,8.073400000000000021e-02
6.990000000000000000e+02,1.612298999999999927e+00,8.086100000000000232e-02
7.000000000000000000e+02,1.612039000000000000e+00,8.098800000000000443e-02
