wavelength_nm,T_#2,T_rel_#2,R_#2,A_#2,T_#3,T_rel_#3,R_#3,A_#3,T_이상적,T_rel_이상적,R_이상적,A_이상적
400,0.6536,0.6827,0.2400,0.1063,0.6579,0.6872,0.2382,0.1038,0.6852,0.7157,0.2914,0.0234
401,0.6525,0.6815,0.2414,0.1061,0.6568,0.6860,0.2396,0.1035,0.6831,0.7135,0.2937,0.0233
402,0.6514,0.6803,0.2428,0.1058,0.6557,0.6849,0.2410,0.1032,0.6809,0.7112,0.2959,0.0232
403,0.6503,0.6792,0.2442,0.1055,0.6547,0.6838,0.2424,0.1029,0.6787,0.7089,0.2981,0.0231
404,0.6492,0.6780,0.2456,0.1052,0.6536,0.6826,0.2438,0.1026,0.6766,0.7067,0.3004,0.0231
405,0.6481,0.6769,0.2470,0.1049,0.6525,0.6815,0.2452,0.1023,0.6744,0.7044,0.3026,0.0230
406,0.6470,0.6757,0.2484,0.1047,0.6514,0.6804,0.2466,0.1019,0.6723,0.7022,0.3048,0.0230
407,0.6459,0.6746,0.2498,0.1044,0.6504,0.6793,0.2480,0.1016,0.6701,0.6999,0.3070,0.0229
408,0.6448,0.6735,0.2511,0.1041,0.6493,0.6782,0.2494,0.1013,0.6680,0.6977,0.3091,0.0229
409,0.6437,0.6724,0.2525,0.1038,0.6482,0.6771,0.2508,0.1010,0.6658,0.6955,0.3113,0.0228
410,0.6427,0.6713,0.2539,0.1035,0.6472,0.6760,0.2522,0.1006,0.6637,0.6932,0.3135,0.0228
411,0.6416,0.6702,0.2552,0.1031,0.6461,0.6749,0.2535,0.1003,0.6616,0.6910,0.3157,0.0227
412,0.6406,0.6691,0.2566,0.1028,0.6451,0.6738,0.2549,0.1000,0.6594,0.6887,0.3179,0.0227
413,0.6395,0.6680,0.2580,0.1025,0.6441,0.6727,0.2563,0.0996,0.6573,0.6865,0.3201,0.0226
414,0.6385,0.6669,0.2593,0.1022,0.6430,0.6716,0.2577,0.0993,0.6552,0.6843,0.3223,0.0225
415,0.6375,0.6658,0.2607,0.1019,0.6420,0.6706,0.2590,0.0989,0.6530,0.6821,0.3245,0.0225
416,0.6364,0.6647,0.2620,0.1015,0.6410,0.6695,0.2604,0.0986,0.6509,0.6799,0.3267,0.0224
417,0.6354,0.6637,0.2634,0.1012,0.6400,0.6684,0.2618,0.0982,0.6488,0.6777,0.3288,0.0223
418,0.6344,0.6626,0.2647,0.1009,0.6390,0.6674,0.2631,0.0979,0.6468,0.6756,0.3310,0.0222
419,0.6334,0.6616,0.2661,0.1005,0.6380,0.6663,0.2645,0.0975,0.6447,0.6734,0.3331,0.0222
420,0.6324,0.6605,0.2674,0.1002,0.6370,0.6653,0.2659,0.0972,0.6427,0.6713,0.3352,0.0221
421,0.6314,0.6595,0.2687,0.0999,0.6360,0.6642,0.2672,0.0968,0.6408,0.6693,0.3372,0.0220
422,0.6304,0.6584,0.2701,0.0995,0.6350,0.6632,0.2686,0.0965,0.6388,0.6672,0.3393,0.0219
423,0.6294,0.6574,0.2714,0.0991,0.6340,0.6622,0.2699,0.0961,0.6369,0.6652,0.3413,0.0218
424,0.6284,0.6564,0.2728,0.0988,0.6330,0.6611,0.2713,0.0957,0.6350,0.6632,0.3433,0.0218
425,0.6275,0.6554,0.2741,0.0984,0.6320,0.6601,0.2726,0.0954,0.6331,0.6612,0.3453,0.0217
426,0.6265,0.6543,0.2755,0.0981,0.6310,0.6591,0.2740,0.0950,0.6312,0.6592,0.3472,0.0216
427,0.6255,0.6533,0.2768,0.0977,0.6300,0.6581,0.2754,0.0946,0.6293,0.6573,0.3492,0.0215
428,0.6245,0.6523,0.2781,0.0973,0.6291,0.6570,0.2767,0.0942,0.6274,0.6553,0.3512,0.0214
429,0.6236,0.6513,0.2795,0.0970,0.6281,0.6560,0.2781,0.0939,0.6255,0.6533,0.3532,0.0214
430,0.6226,0.6503,0.2808,0.0966,0.6271,0.6550,0.2794,0.0935,0.6236,0.6513,0.3551,0.0213
431,0.6216,0.6493,0.2821,0.0962,0.6261,0.6540,0.2808,0.0931,0.6216,0.6493,0.3571,0.0212
432,0.6207,0.6483,0.2835,0.0958,0.6252,0.6530,0.2821,0.0927,0.6197,0.6473,0.3592,0.0211
433,0.6197,0.6473,0.2848,0.0955,0.6242,0.6520,0.2835,0.0923,0.6178,0.6452,0.3612,0.0211
434,0.6188,0.6463,0.2862,0.0951,0.6232,0.6509,0.2848,0.0919,0.6158,0.6432,0.3632,0.0210
435,0.6178,0.6453,0.2875,0.0947,0.6223,0.6499,0.2862,0.0916,0.6138,0.6411,0.3652,0.0209
436,0.6169,0.6443,0.2888,0.0943,0.6213,0.6489,0.2875,0.0912,0.6119,0.6391,0.3673,0.0209
437,0.6159,0.6433,0.2902,0.0939,0.6203,0.6479,0.2889,0.0908,0.6099,0.6371,0.3693,0.0208
438,0.6150,0.6423,0.2915,0.0935,0.6194,0.6469,0.2902,0.0904,0.6080,0.6351,0.3712,0.0207
439,0.6140,0.6413,0.2929,0.0931,0.6184,0.6459,0.2916,0.0900,0.6061,0.6331,0.3732,0.0207
440,0.6131,0.6403,0.2942,0.0927,0.6175,0.6449,0.2930,0.0896,0.6042,0.6311,0.3752,0.0206
441,0.6121,0.6393,0.2955,0.0923,0.6165,0.6439,0.2943,0.0892,0.6023,0.6291,0.3771,0.0206
442,0.6112,0.6384,0.2969,0.0919,0.6155,0.6429,0.2957,0.0888,0.6005,0.6272,0.3790,0.0205
443,0.6102,0.6374,0.2982,0.0915,0.6146,0.6419,0.2970,0.0884,0.5987,0.6253,0.3808,0.0205
444,0.6093,0.6364,0.2996,0.0911,0.6136,0.6409,0.2984,0.0880,0.5969,0.6234,0.3827,0.0205
445,0.6083,0.6354,0.3009,0.0907,0.6126,0.6399,0.2997,0.0876,0.5951,0.6215,0.3845,0.0204
446,0.6074,0.6344,0.3023,0.0903,0.6117,0.6389,0.3011,0.0872,0.5933,0.6196,0.3863,0.0204
447,0.6064,0.6334,0.3036,0.0899,0.6107,0.6379,0.3025,0.0868,0.5915,0.6178,0.3881,0.0204
448,0.6055,0.6324,0.3050,0.0895,0.6098,0.6369,0.3038,0.0864,0.5897,0.6159,0.3900,0.0204
449,0.6045,0.6314,0.3063,0.0891,0.6088,0.6359,0.3052,0.0860,0.5879,0.6141,0.3918,0.0203
450,0.6036,0.6304,0.3077,0.0887,0.6078,0.6349,0.3065,0.0856,0.5861,0.6122,0.3936,0.0203
451,0.6026,0.6294,0.3090,0.0883,0.6069,0.6338,0.3079,0.0852,0.5843,0.6103,0.3954,0.0203
452,0.6017,0.6284,0.3104,0.0879,0.6059,0.6328,0.3093,0.0848,0.5825,0.6084,0.3972,0.0203
453,0.6007,0.6274,0.3117,0.0875,0.6049,0.6318,0.3106,0.0844,0.5807,0.6065,0.3990,0.0202
454,0.5998,0.6264,0.3131,0.0871,0.6039,0.6308,0.3120,0.0841,0.5789,0.6047,0.4009,0.0202
455,0.5988,0.6254,0.3145,0.0867,0.6030,0.6298,0.3134,0.0837,0.5771,0.6028,0.4027,0.0202
456,0.5978,0.6244,0.3158,0.0863,0.6020,0.6288,0.3147,0.0833,0.5754,0.6009,0.4045,0.0202
457,0.5969,0.6234,0.3172,0.0860,0.6010,0.6278,0.3161,0.0829,0.5736,0.5991,0.4063,0.0201
458,0.5959,0.6224,0.3185,0.0856,0.6000,0.6267,0.3175,0.0825,0.5718,0.5973,0.4081,0.0201
459,0.5949,0.6214,0.3199,0.0852,0.5991,0.6257,0.3188,0.0821,0.5701,0.5955,0.4098,0.0201
460,0.5940,0.6204,0.3212,0.0848,0.5981,0.6247,0.3202,0.0817,0.5684,0.5937,0.4115,0.0200
461,0.5930,0.6194,0.3226,0.0844,0.5971,0.6236,0.3216,0.0813,0.5667,0.5919,0.4133,0.0200
462,0.5920,0.6184,0.3240,0.0840,0.5961,0.6226,0.3229,0.0810,0.5651,0.5902,0.4149,0.0200
463,0.5911,0.6173,0.3253,0.0836,0.5951,0.6216,0.3243,0.0806,0.5635,0.5885,0.4166,0.0199
464,0.5901,0.6163,0.3267,0.0832,0.5941,0.6205,0.3257,0.0802,0.5618,0.5868,0.4183,0.0199
465,0.5891,0.6153,0.3281,0.0828,0.5931,0.6195,0.3271,0.0798,0.5602,0.5851,0.4199,0.0198
466,0.5881,0.6143,0.3294,0.0825,0.5921,0.6185,0.3284,0.0794,0.5586,0.5835,0.4216,0.0198
467,0.5871,0.6132,0.3308,0.0821,0.5911,0.6174,0.3298,0.0791,0.5570,0.5818,0.4232,0.0198
468,0.5861,0.6122,0.3322,0.0817,0.5901,0.6164,0.3312,0.0787,0.5554,0.5801,0.4249,0.0197
469,0.5852,0.6112,0.3335,0.0813,0.5891,0.6153,0.3325,0.0783,0.5538,0.5784,0.4265,0.0197
470,0.5842,0.6101,0.3349,0.0809,0.5881,0.6143,0.3339,0.0780,0.5522,0.5767,0.4282,0.0196
471,0.5832,0.6091,0.3363,0.0806,0.5871,0.6132,0.3353,0.0776,0.5505,0.5750,0.4299,0.0196
472,0.5822,0.6081,0.3376,0.0802,0.5861,0.6122,0.3367,0.0772,0.5489,0.5733,0.4316,0.0196
473,0.5812,0.6070,0.3390,0.0798,0.5851,0.6111,0.3380,0.0769,0.5472,0.5715,0.4333,0.0195
474,0.5802,0.6060,0.3404,0.0795,0.5841,0.6100,0.3394,0.0765,0.5455,0.5698,0.4350,0.0195
475,0.5792,0.6049,0.3417,0.0791,0.5830,0.6090,0.3408,0.0762,0.5438,0.5680,0.4367,0.0195
476,0.5781,0.6039,0.3431,0.0788,0.5820,0.6079,0.3421,0.0758,0.5422,0.5663,0.4384,0.0194
477,0.5771,0.6028,0.3445,0.0784,0.5810,0.6068,0.3435,0.0755,0.5405,0.5645,0.4401,0.0194
478,0.5761,0.6017,0.3458,0.0781,0.5800,0.6058,0.3449,0.0751,0.5388,0.5628,0.4418,0.0194
479,0.5751,0.6007,0.3472,0.0777,0.5789,0.6047,0.3463,0.0748,0.5372,0.5611,0.4434,0.0194
480,0.5741,0.5996,0.3486,0.0774,0.5779,0.6036,0.3476,0.0745,0.5356,0.5594,0.4451,0.0193
481,0.5731,0.5985,0.3499,0.0770,0.5769,0.6025,0.3490,0.0741,0.5340,0.5577,0.4467,0.0193
482,0.5720,0.5975,0.3513,0.0767,0.5758,0.6014,0.3504,0.0738,0.5324,0.5561,0.4483,0.0193
483,0.5710,0.5964,0.3527,0.0763,0.5748,0.6004,0.3517,0.0735,0.5308,0.5544,0.4499,0.0193
484,0.5700,0.5953,0.3540,0.0760,0.5738,0.5993,0.3531,0.0731,0.5293,0.5528,0.4514,0.0193
485,0.5689,0.5942,0.3554,0.0757,0.5727,0.5982,0.3545,0.0728,0.5277,0.5512,0.4530,0.0193
486,0.5679,0.5932,0.3567,0.0753,0.5717,0.5971,0.3558,0.0725,0.5262,0.5496,0.4545,0.0193
487,0.5669,0.5921,0.3581,0.0750,0.5706,0.5960,0.3572,0.0722,0.5247,0.5480,0.4560,0.0193
488,0.5658,0.5910,0.3595,0.0747,0.5696,0.5949,0.3586,0.0719,0.5232,0.5465,0.4575,0.0193
489,0.5648,0.5899,0.3608,0.0744,0.5685,0.5938,0.3599,0.0716,0.5217,0.5449,0.4590,0.0193
490,0.5637,0.5888,0.3622,0.0741,0.5675,0.5927,0.3613,0.0713,0.5202,0.5434,0.4605,0.0192
491,0.5627,0.5877,0.3635,0.0738,0.5664,0.5916,0.3626,0.0710,0.5187,0.5418,0.4620,0.0192
492,0.5617,0.5866,0.3649,0.0734,0.5653,0.5905,0.3640,0.0707,0.5173,0.5403,0.4635,0.0192
493,0.5606,0.5855,0.3663,0.0731,0.5643,0.5894,0.3654,0.0704,0.5158,0.5387,0.4651,0.0192
494,0.5595,0.5844,0.3676,0.0728,0.5632,0.5883,0.3667,0.0701,0.5143,0.5372,0.4666,0.0191
495,0.5585,0.5833,0.3690,0.0725,0.5622,0.5872,0.3681,0.0698,0.5128,0.5356,0.4681,0.0191
496,0.5574,0.5822,0.3703,0.0722,0.5611,0.5860,0.3694,0.0695,0.5113,0.5341,0.4696,0.0191
497,0.5564,0.5811,0.3717,0.0719,0.5600,0.5849,0.3708,0.0692,0.5099,0.5326,0.4711,0.0191
498,0.5553,0.5800,0.3730,0.0717,0.5590,0.5838,0.3721,0.0689,0.5084,0.5310,0.4726,0.0190
499,0.5543,0.5789,0.3744,0.0714,0.5579,0.5827,0.3735,0.0686,0.5070,0.5295,0.4740,0.0190
500,0.5532,0.5778,0.3757,0.0711,0.5568,0.5816,0.3748,0.0684,0.5055,0.5280,0.4755,0.0190
501,0.5521,0.5767,0.3771,0.0708,0.5557,0.5805,0.3762,0.0681,0.5041,0.5265,0.4770,0.0189
502,0.5511,0.5756,0.3784,0.0705,0.5547,0.5793,0.3775,0.0678,0.5027,0.5250,0.4784,0.0189
503,0.5500,0.5745,0.3797,0.0703,0.5536,0.5782,0.3788,0.0676,0.5012,0.5235,0.4799,0.0189
504,0.5489,0.5734,0.3811,0.0700,0.5525,0.5771,0.3802,0.0673,0.4998,0.5221,0.4813,0.0188
505,0.5479,0.5722,0.3824,0.0697,0.5514,0.5760,0.3815,0.0670,0.4984,0.5206,0.4828,0.0188
506,0.5468,0.5711,0.3837,0.0695,0.5504,0.5748,0.3828,0.0668,0.4970,0.5191,0.4842,0.0188
507,0.5457,0.5700,0.3851,0.0692,0.5493,0.5737,0.3842,0.0665,0.4956,0.5176,0.4856,0.0188
508,0.5447,0.5689,0.3864,0.0689,0.5482,0.5726,0.3855,0.0663,0.4942,0.5162,0.4871,0.0187
509,0.5436,0.5678,0.3877,0.0687,0.5471,0.5715,0.3868,0.0660,0.4928,0.5147,0.4885,0.0187
510,0.5425,0.5666,0.3891,0.0684,0.5460,0.5703,0.3882,0.0658,0.4914,0.5133,0.4899,0.0187
511,0.5414,0.5655,0.3904,0.0682,0.5450,0.5692,0.3895,0.0656,0.4900,0.5118,0.4913,0.0187
512,0.5404,0.5644,0.3917,0.0679,0.5439,0.5681,0.3908,0.0653,0.4886,0.5104,0.4927,0.0187
513,0.5393,0.5633,0.3930,0.0677,0.5428,0.5669,0.3921,0.0651,0.4872,0.5089,0.4940,0.0187
514,0.5382,0.5621,0.3943,0.0675,0.5417,0.5658,0.3934,0.0649,0.4858,0.5074,0.4954,0.0187
515,0.5371,0.5610,0.3957,0.0672,0.5406,0.5647,0.3947,0.0646,0.4845,0.5060,0.4968,0.0187
516,0.5360,0.5599,0.3970,0.0670,0.5395,0.5635,0.3961,0.0644,0.4831,0.5046,0.4982,0.0187
517,0.5350,0.5588,0.3983,0.0668,0.5384,0.5624,0.3974,0.0642,0.4817,0.5031,0.4996,0.0187
518,0.5339,0.5576,0.3996,0.0665,0.5374,0.5613,0.3987,0.0640,0.4803,0.5017,0.5009,0.0187
519,0.5328,0.5565,0.4009,0.0663,0.5363,0.5601,0.4000,0.0638,0.4790,0.5003,0.5023,0.0187
520,0.5317,0.5554,0.4022,0.0661,0.5352,0.5590,0.4013,0.0635,0.4776,0.4988,0.5037,0.0187
521,0.5306,0.5542,0.4035,0.0659,0.5341,0.5578,0.4026,0.0633,0.4762,0.4974,0.5051,0.0187
522,0.5296,0.5531,0.4048,0.0657,0.5330,0.5567,0.4039,0.0631,0.4749,0.4960,0.5065,0.0186
523,0.5285,0.5520,0.4061,0.0654,0.5319,0.5556,0.4052,0.0629,0.4736,0.4946,0.5079,0.0186
524,0.5274,0.5508,0.4074,0.0652,0.5308,0.5544,0.4065,0.0627,0.4722,0.4932,0.5093,0.0185
525,0.5263,0.5497,0.4087,0.0650,0.5297,0.5533,0.4077,0.0625,0.4709,0.4918,0.5106,0.0185
526,0.5252,0.5486,0.4100,0.0648,0.5286,0.5522,0.4090,0.0623,0.4696,0.4904,0.5120,0.0184
527,0.5241,0.5474,0.4112,0.0646,0.5276,0.5510,0.4103,0.0621,0.4682,0.4891,0.5134,0.0184
528,0.5231,0.5463,0.4125,0.0644,0.5265,0.5499,0.4116,0.0619,0.4669,0.4877,0.5148,0.0183
529,0.5220,0.5452,0.4138,0.0642,0.5254,0.5487,0.4129,0.0617,0.4656,0.4863,0.5161,0.0183
530,0.5209,0.5441,0.4151,0.0640,0.5243,0.5476,0.4141,0.0616,0.4643,0.4849,0.5174,0.0183
531,0.5198,0.5429,0.4163,0.0638,0.5232,0.5465,0.4154,0.0614,0.4630,0.4836,0.5188,0.0183
532,0.5187,0.5418,0.4176,0.0637,0.5221,0.5453,0.4167,0.0612,0.4617,0.4822,0.5201,0.0183
533,0.5176,0.5407,0.4189,0.0635,0.5210,0.5442,0.4179,0.0610,0.4604,0.4809,0.5213,0.0183
534,0.5166,0.5395,0.4202,0.0633,0.5199,0.5431,0.4192,0.0608,0.4591,0.4795,0.5226,0.0183
535,0.5155,0.5384,0.4214,0.0631,0.5189,0.5419,0.4205,0.0607,0.4578,0.4782,0.5239,0.0183
536,0.5144,0.5373,0.4227,0.0629,0.5178,0.5408,0.4217,0.0605,0.4565,0.4768,0.5251,0.0183
537,0.5133,0.5361,0.4239,0.0628,0.5167,0.5397,0.4230,0.0603,0.4552,0.4755,0.5264,0.0184
538,0.5122,0.5350,0.4252,0.0626,0.5156,0.5385,0.4242,0.0602,0.4540,0.4742,0.5276,0.0184
539,0.5112,0.5339,0.4264,0.0624,0.5145,0.5374,0.4255,0.0600,0.4527,0.4728,0.5289,0.0184
540,0.5101,0.5328,0.4277,0.0622,0.5134,0.5363,0.4267,0.0598,0.4515,0.4715,0.5301,0.0184
541,0.5090,0.5316,0.4289,0.0621,0.5124,0.5351,0.4280,0.0597,0.4502,0.4702,0.5314,0.0184
542,0.5079,0.5305,0.4302,0.0619,0.5113,0.5340,0.4292,0.0595,0.4490,0.4689,0.5326,0.0184
543,0.5068,0.5294,0.4314,0.0618,0.5102,0.5329,0.4304,0.0594,0.4478,0.4677,0.5339,0.0184
544,0.5058,0.5283,0.4326,0.0616,0.5091,0.5318,0.4317,0.0592,0.4465,0.4664,0.5351,0.0184
545,0.5047,0.5271,0.4339,0.0614,0.5080,0.5306,0.4329,0.0591,0.4453,0.4651,0.5363,0.0184
546,0.5036,0.5260,0.4351,0.0613,0.5070,0.5295,0.4341,0.0589,0.4441,0.4639,0.5376,0.0183
547,0.5025,0.5249,0.4363,0.0611,0.5059,0.5284,0.4354,0.0588,0.4429,0.4626,0.5388,0.0183
548,0.5015,0.5238,0.4376,0.0610,0.5048,0.5273,0.4366,0.0586,0.4417,0.4614,0.5400,0.0183
549,0.5004,0.5226,0.4388,0.0608,0.5037,0.5261,0.4378,0.0585,0.4405,0.4601,0.5412,0.0182
550,0.4993,0.5215,0.4400,0.0607,0.5027,0.5250,0.4390,0.0583,0.4394,0.4589,0.5424,0.0182
551,0.4982,0.5204,0.4412,0.0606,0.5016,0.5239,0.4402,0.0582,0.4382,0.4577,0.5436,0.0182
552,0.4972,0.5193,0.4424,0.0604,0.5005,0.5228,0.4414,0.0581,0.4370,0.4564,0.5448,0.0182
553,0.4961,0.5182,0.4436,0.0603,0.4994,0.5216,0.4426,0.0579,0.4358,0.4552,0.5460,0.0182
554,0.4950,0.5171,0.4448,0.0601,0.4984,0.5205,0.4438,0.0578,0.4347,0.4540,0.5472,0.0181
555,0.4940,0.5159,0.4460,0.0600,0.4973,0.5194,0.4450,0.0577,0.4335,0.4528,0.5484,0.0181
556,0.4929,0.5148,0.4472,0.0599,0.4962,0.5183,0.4462,0.0575,0.4324,0.4516,0.5495,0.0181
557,0.4918,0.5137,0.4484,0.0597,0.4952,0.5172,0.4474,0.0574,0.4312,0.4504,0.5507,0.0181
558,0.4908,0.5126,0.4496,0.0596,0.4941,0.5161,0.4486,0.0573,0.4300,0.4492,0.5518,0.0181
559,0.4897,0.5115,0.4508,0.0595,0.4930,0.5150,0.4498,0.0572,0.4289,0.4480,0.5530,0.0181
560,0.4887,0.5104,0.4520,0.0594,0.4920,0.5138,0.4510,0.0571,0.4277,0.4467,0.5541,0.0181
561,0.4876,0.5093,0.4532,0.0592,0.4909,0.5127,0.4522,0.0569,0.4266,0.4455,0.5553,0.0181
562,0.4865,0.5082,0.4544,0.0591,0.4898,0.5116,0.4533,0.0568,0.4254,0.4443,0.5564,0.0182
563,0.4855,0.5071,0.4555,0.0590,0.4888,0.5105,0.4545,0.0567,0.4242,0.4431,0.5576,0.0182
564,0.4844,0.5060,0.4567,0.0589,0.4877,0.5094,0.4557,0.0566,0.4231,0.4419,0.5587,0.0182
565,0.4834,0.5049,0.4579,0.0588,0.4867,0.5083,0.4568,0.0565,0.4219,0.4407,0.5598,0.0182
566,0.4823,0.5038,0.4590,0.0586,0.4856,0.5072,0.4580,0.0564,0.4208,0.4395,0.5610,0.0183
567,0.4813,0.5027,0.4602,0.0585,0.4846,0.5061,0.4592,0.0563,0.4196,0.4383,0.5621,0.0183
568,0.4802,0.5016,0.4614,0.0584,0.4835,0.5050,0.4603,0.0562,0.4185,0.4371,0.5632,0.0183
569,0.4792,0.5005,0.4625,0.0583,0.4825,0.5039,0.4615,0.0561,0.4173,0.4359,0.5643,0.0183
570,0.4781,0.4994,0.4637,0.0582,0.4814,0.5028,0.4626,0.0559,0.4162,0.4347,0.5655,0.0183
571,0.4771,0.4983,0.4648,0.0581,0.4804,0.5017,0.4638,0.0558,0.4151,0.4335,0.5666,0.0184
572,0.4760,0.4972,0.4660,0.0580,0.4793,0.5006,0.4649,0.0557,0.4139,0.4323,0.5677,0.0184
573,0.4750,0.4961,0.4671,0.0579,0.4783,0.4996,0.4661,0.0556,0.4128,0.4312,0.5688,0.0184
574,0.4739,0.4950,0.4683,0.0578,0.4772,0.4985,0.4672,0.0556,0.4117,0.4300,0.5699,0.0184
575,0.4729,0.4939,0.4694,0.0577,0.4762,0.4974,0.4683,0.0555,0.4106,0.4289,0.5710,0.0184
576,0.4719,0.4929,0.4705,0.0576,0.4752,0.4963,0.4695,0.0554,0.4095,0.4277,0.5721,0.0184
577,0.4708,0.4918,0.4717,0.0575,0.4741,0.4952,0.4706,0.0553,0.4084,0.4266,0.5733,0.0183
578,0.4698,0.4907,0.4728,0.0574,0.4731,0.4941,0.4717,0.0552,0.4073,0.4254,0.5744,0.0183
579,0.4688,0.4896,0.4739,0.0573,0.4721,0.4931,0.4729,0.0551,0.4062,0.4243,0.5755,0.0183
580,0.4677,0.4885,0.4750,0.0572,0.4710,0.4920,0.4740,0.0550,0.4051,0.4231,0.5766,0.0183
581,0.4667,0.4875,0.4762,0.0571,0.4700,0.4909,0.4751,0.0549,0.4040,0.4220,0.5777,0.0183
582,0.4657,0.4864,0.4773,0.0570,0.4690,0.4898,0.4762,0.0548,0.4030,0.4209,0.5788,0.0182
583,0.4646,0.4853,0.4784,0.0570,0.4679,0.4888,0.4773,0.0547,0.4019,0.4198,0.5799,0.0182
584,0.4636,0.4842,0.4795,0.0569,0.4669,0.4877,0.4784,0.0547,0.4008,0.4186,0.5810,0.0182
585,0.4626,0.4832,0.4806,0.0568,0.4659,0.4866,0.4795,0.0546,0.3998,0.4175,0.5821,0.0181
586,0.4616,0.4821,0.4817,0.0567,0.4649,0.4855,0.4806,0.0545,0.3987,0.4164,0.5832,0.0181
587,0.4606,0.4810,0.4828,0.0566,0.4639,0.4845,0.4817,0.0544,0.3977,0.4153,0.5843,0.0180
588,0.4595,0.4800,0.4839,0.0566,0.4628,0.4834,0.4828,0.0544,0.3966,0.4143,0.5854,0.0180
589,0.4585,0.4789,0.4850,0.0565,0.4618,0.4824,0.4839,0.0543,0.3956,0.4132,0.5865,0.0180
590,0.4575,0.4779,0.4861,0.0564,0.4608,0.4813,0.4850,0.0542,0.3946,0.4121,0.5875,0.0179
591,0.4565,0.4768,0.4872,0.0563,0.4598,0.4802,0.4861,0.0541,0.3935,0.4110,0.5886,0.0179
592,0.4555,0.4757,0.4883,0.0562,0.4588,0.4792,0.4872,0.0541,0.3925,0.4100,0.5896,0.0179
593,0.4545,0.4747,0.4893,0.0562,0.4578,0.4781,0.4882,0.0540,0.3915,0.4089,0.5907,0.0178
594,0.4535,0.4736,0.4904,0.0561,0.4568,0.4771,0.4893,0.0539,0.3905,0.4079,0.5917,0.0178
595,0.4525,0.4726,0.4915,0.0560,0.4558,0.4760,0.4904,0.0538,0.3895,0.4068,0.5927,0.0178
596,0.4515,0.4715,0.4926,0.0560,0.4548,0.4750,0.4915,0.0538,0.3885,0.4058,0.5937,0.0178
597,0.4505,0.4705,0.4936,0.0559,0.4538,0.4739,0.4925,0.0537,0.3875,0.4047,0.5947,0.0178
598,0.4495,0.4695,0.4947,0.0558,0.4528,0.4729,0.4936,0.0537,0.3865,0.4037,0.5957,0.0178
599,0.4485,0.4684,0.4958,0.0558,0.4518,0.4719,0.4947,0.0536,0.3855,0.4027,0.5967,0.0178
600,0.4475,0.4674,0.4968,0.0557,0.4508,0.4708,0.4957,0.0535,0.3845,0.4016,0.5977,0.0178
601,0.4465,0.4663,0.4979,0.0556,0.4498,0.4698,0.4968,0.0535,0.3835,0.4006,0.5987,0.0178
602,0.4455,0.4653,0.4989,0.0556,0.4488,0.4687,0.4978,0.0534,0.3825,0.3995,0.5997,0.0178
603,0.4445,0.4643,0.5000,0.0555,0.4478,0.4677,0.4989,0.0533,0.3815,0.3985,0.6007,0.0178
604,0.4435,0.4632,0.5010,0.0555,0.4468,0.4667,0.4999,0.0533,0.3805,0.3974,0.6016,0.0179
605,0.4425,0.4622,0.5021,0.0554,0.4458,0.4656,0.5009,0.0532,0.3795,0.3964,0.6026,0.0179
606,0.4415,0.4612,0.5031,0.0553,0.4448,0.4646,0.5020,0.0532,0.3785,0.3953,0.6036,0.0179
607,0.4406,0.4601,0.5042,0.0553,0.4439,0.4636,0.5030,0.0531,0.3775,0.3943,0.6045,0.0179
608,0.4396,0.4591,0.5052,0.0552,0.4429,0.4626,0.5041,0.0531,0.3766,0.3933,0.6055,0.0179
609,0.4386,0.4581,0.5062,0.0552,0.4419,0.4616,0.5051,0.0530,0.3756,0.3923,0.6064,0.0180
610,0.4376,0.4571,0.5073,0.0551,0.4409,0.4605,0.5061,0.0530,0.3746,0.3913,0.6074,0.0180
611,0.4366,0.4561,0.5083,0.0551,0.4399,0.4595,0.5071,0.0529,0.3737,0.3903,0.6083,0.0180
612,0.4357,0.4551,0.5093,0.0550,0.4390,0.4585,0.5082,0.0529,0.3728,0.3894,0.6093,0.0180
613,0.4347,0.4540,0.5103,0.0550,0.4380,0.4575,0.5092,0.0528,0.3719,0.3884,0.6102,0.0179
614,0.4337,0.4530,0.5113,0.0549,0.4370,0.4565,0.5102,0.0528,0.3710,0.3875,0.6111,0.0179
615,0.4328,0.4520,0.5123,0.0549,0.4361,0.4555,0.5112,0.0527,0.3701,0.3865,0.6120,0.0179
616,0.4318,0.4510,0.5134,0.0548,0.4351,0.4545,0.5122,0.0527,0.3692,0.3856,0.6130,0.0179
617,0.4308,0.4500,0.5144,0.0548,0.4342,0.4535,0.5132,0.0526,0.3683,0.3846,0.6139,0.0179
618,0.4299,0.4490,0.5154,0.0547,0.4332,0.4525,0.5142,0.0526,0.3674,0.3837,0.6148,0.0179
619,0.4289,0.4480,0.5164,0.0547,0.4322,0.4515,0.5152,0.0525,0.3665,0.3828,0.6157,0.0178
620,0.4280,0.4470,0.5174,0.0547,0.4313,0.4505,0.5162,0.0525,0.3655,0.3818,0.6166,0.0178
621,0.4270,0.4460,0.5184,0.0546,0.4303,0.4495,0.5172,0.0525,0.3646,0.3808,0.6175,0.0178
622,0.4261,0.4450,0.5194,0.0546,0.4294,0.4485,0.5182,0.0524,0.3637,0.3799,0.6185,0.0178
623,0.4251,0.4440,0.5203,0.0545,0.4284,0.4475,0.5192,0.0524,0.3628,0.3789,0.6194,0.0178
624,0.4242,0.4430,0.5213,0.0545,0.4275,0.4465,0.5202,0.0523,0.3618,0.3779,0.6203,0.0179
625,0.4232,0.4420,0.5223,0.0545,0.4265,0.4455,0.5212,0.0523,0.3609,0.3770,0.6212,0.0179
626,0.4223,0.4411,0.5233,0.0544,0.4256,0.4445,0.5221,0.0523,0.3600,0.3760,0.6221,0.0179
627,0.4213,0.4401,0.5243,0.0544,0.4247,0.4435,0.5231,0.0522,0.3590,0.3750,0.6230,0.0179
628,0.4204,0.4391,0.5253,0.0544,0.4237,0.4426,0.5241,0.0522,0.3581,0.3740,0.6240,0.0179
629,0.4195,0.4381,0.5262,0.0543,0.4228,0.4416,0.5251,0.0522,0.3572,0.3731,0.6249,0.0180
630,0.4185,0.4371,0.5272,0.0543,0.4218,0.4406,0.5260,0.0521,0.3563,0.3721,0.6258,0.0180
631,0.4176,0.4362,0.5282,0.0543,0.4209,0.4396,0.5270,0.0521,0.3553,0.3711,0.6267,0.0180
632,0.4167,0.4352,0.5291,0.0542,0.4200,0.4387,0.5280,0.0521,0.3544,0.3702,0.6276,0.0180
633,0.4157,0.4342,0.5301,0.0542,0.4191,0.4377,0.5289,0.0520,0.3535,0.3692,0.6285,0.0180
634,0.4148,0.4333,0.5310,0.0542,0.4181,0.4367,0.5299,0.0520,0.3526,0.3683,0.6294,0.0180
635,0.4139,0.4323,0.5320,0.0541,0.4172,0.4358,0.5308,0.0520,0.3517,0.3674,0.6303,0.0180
636,0.4130,0.4313,0.5329,0.0541,0.4163,0.4348,0.5318,0.0520,0.3509,0.3665,0.6312,0.0180
637,0.4120,0.4304,0.5339,0.0541,0.4154,0.4338,0.5327,0.0519,0.3500,0.3656,0.6321,0.0179
638,0.4111,0.4294,0.5348,0.0540,0.4144,0.4329,0.5337,0.0519,0.3491,0.3647,0.6330,0.0179
639,0.4102,0.4284,0.5358,0.0540,0.4135,0.4319,0.5346,0.0519,0.3483,0.3638,0.6339,0.0178
640,0.4093,0.4275,0.5367,0.0540,0.4126,0.4310,0.5355,0.0518,0.3474,0.3629,0.6348,0.0178
641,0.4084,0.4265,0.5377,0.0540,0.4117,0.4300,0.5365,0.0518,0.3466,0.3620,0.6357,0.0177
642,0.4075,0.4256,0.5386,0.0539,0.4108,0.4291,0.5374,0.0518,0.3458,0.3611,0.6366,0.0176
643,0.4066,0.4246,0.5395,0.0539,0.4099,0.4281,0.5383,0.0518,0.3449,0.3603,0.6375,0.0176
644,0.4056,0.4237,0.5404,0.0539,0.4090,0.4272,0.5393,0.0518,0.3441,0.3594,0.6384,0.0175
645,0.4047,0.4227,0.5414,0.0539,0.4081,0.4262,0.5402,0.0517,0.3433,0.3585,0.6393,0.0174
646,0.4038,0.4218,0.5423,0.0539,0.4072,0.4253,0.5411,0.0517,0.3425,0.3577,0.6402,0.0173
647,0.4029,0.4209,0.5432,0.0538,0.4063,0.4243,0.5420,0.0517,0.3416,0.3568,0.6411,0.0173
648,0.4020,0.4199,0.5441,0.0538,0.4054,0.4234,0.5430,0.0517,0.3408,0.3559,0.6420,0.0172
649,0.4011,0.4190,0.5450,0.0538,0.4045,0.4225,0.5439,0.0516,0.3399,0.3551,0.6429,0.0172
650,0.4003,0.4181,0.5460,0.0538,0.4036,0.4215,0.5448,0.0516,0.3391,0.3542,0.6437,0.0172
651,0.3994,0.4171,0.5469,0.0538,0.4027,0.4206,0.5457,0.0516,0.3382,0.3533,0.6446,0.0172
652,0.3985,0.4162,0.5478,0.0538,0.4018,0.4197,0.5466,0.0516,0.3374,0.3524,0.6454,0.0172
653,0.3976,0.4153,0.5487,0.0537,0.4009,0.4188,0.5475,0.0516,0.3365,0.3515,0.6462,0.0173
654,0.3967,0.4143,0.5496,0.0537,0.4000,0.4178,0.5484,0.0516,0.3356,0.3506,0.6470,0.0174
655,0.3958,0.4134,0.5505,0.0537,0.3992,0.4169,0.5493,0.0515,0.3348,0.3497,0.6478,0.0174
656,0.3949,0.4125,0.5514,0.0537,0.3983,0.4160,0.5502,0.0515,0.3339,0.3488,0.6486,0.0175
657,0.3941,0.4116,0.5523,0.0537,0.3974,0.4151,0.5511,0.0515,0.3331,0.3479,0.6494,0.0176
658,0.3932,0.4107,0.5532,0.0537,0.3965,0.4142,0.5520,0.0515,0.3322,0.3470,0.6502,0.0176
659,0.3923,0.4097,0.5540,0.0537,0.3956,0.4132,0.5529,0.0515,0.3314,0.3462,0.6510,0.0176
660,0.3914,0.4088,0.5549,0.0536,0.3948,0.4123,0.5537,0.0515,0.3306,0.3453,0.6517,0.0176
661,0.3906,0.4079,0.5558,0.0536,0.3939,0.4114,0.5546,0.0515,0.3298,0.3445,0.6525,0.0176
662,0.3897,0.4070,0.5567,0.0536,0.3930,0.4105,0.5555,0.0515,0.3291,0.3437,0.6533,0.0176
663,0.3888,0.4061,0.5576,0.0536,0.3922,0.4096,0.5564,0.0514,0.3283,0.3430,0.6542,0.0175
664,0.3880,0.4052,0.5584,0.0536,0.3913,0.4087,0.5573,0.0514,0.3276,0.3422,0.6550,0.0174
665,0.3871,0.4043,0.5593,0.0536,0.3904,0.4078,0.5581,0.0514,0.3269,0.3414,0.6558,0.0173
666,0.3862,0.4034,0.5602,0.0536,0.3896,0.4069,0.5590,0.0514,0.3262,0.3407,0.6566,0.0173
667,0.3854,0.4025,0.5610,0.0536,0.3887,0.4060,0.5599,0.0514,0.3255,0.3399,0.6574,0.0172
668,0.3845,0.4016,0.5619,0.0536,0.3879,0.4051,0.5607,0.0514,0.3247,0.3392,0.6582,0.0171
669,0.3837,0.4007,0.5628,0.0536,0.3870,0.4042,0.5616,0.0514,0.3240,0.3384,0.6590,0.0170
670,0.3828,0.3998,0.5636,0.0536,0.3862,0.4033,0.5624,0.0514,0.3233,0.3376,0.6598,0.0170
671,0.3820,0.3990,0.5645,0.0536,0.3853,0.4025,0.5633,0.0514,0.3225,0.3368,0.6605,0.0170
672,0.3811,0.3981,0.5653,0.0536,0.3845,0.4016,0.5641,0.0514,0.3217,0.3360,0.6613,0.0170
673,0.3803,0.3972,0.5662,0.0536,0.3836,0.4007,0.5650,0.0514,0.3210,0.3352,0.6621,0.0170
674,0.3794,0.3963,0.5670,0.0536,0.3828,0.3998,0.5658,0.0514,0.3202,0.3344,0.6628,0.0170
675,0.3786,0.3954,0.5679,0.0536,0.3819,0.3989,0.5667,0.0514,0.3194,0.3336,0.6636,0.0170
676,0.3777,0.3945,0.5687,0.0535,0.3811,0.3981,0.5675,0.0514,0.3186,0.3328,0.6643,0.0171
677,0.3769,0.3937,0.5695,0.0535,0.3803,0.3972,0.5684,0.0514,0.3178,0.3319,0.6651,0.0171
678,0.3761,0.3928,0.5704,0.0535,0.3794,0.3963,0.5692,0.0514,0.3170,0.3311,0.6658,0.0171
679,0.3752,0.3919,0.5712,0.0535,0.3786,0.3954,0.5700,0.0514,0.3162,0.3303,0.6666,0.0172
680,0.3744,0.3911,0.5720,0.0535,0.3778,0.3946,0.5709,0.0514,0.3154,0.3295,0.6674,0.0172
681,0.3736,0.3902,0.5729,0.0535,0.3769,0.3937,0.5717,0.0514,0.3147,0.3287,0.6681,0.0172
682,0.3727,0.3893,0.5737,0.0536,0.3761,0.3928,0.5725,0.0514,0.3139,0.3279,0.6689,0.0172
683,0.3719,0.3885,0.5745,0.0536,0.3753,0.3920,0.5734,0.0514,0.3131,0.3271,0.6697,0.0172
684,0.3711,0.3876,0.5753,0.0536,0.3745,0.3911,0.5742,0.0514,0.3124,0.3263,0.6705,0.0171
685,0.3703,0.3867,0.5762,0.0536,0.3736,0.3903,0.5750,0.0514,0.3116,0.3255,0.6713,0.0171
686,0.3695,0.3859,0.5770,0.0536,0.3728,0.3894,0.5758,0.0514,0.3109,0.3247,0.6720,0.0171
687,0.3686,0.3850,0.5778,0.0536,0.3720,0.3886,0.5766,0.0514,0.3102,0.3240,0.6728,0.0170
688,0.3678,0.3842,0.5786,0.0536,0.3712,0.3877,0.5774,0.0514,0.3094,0.3232,0.6736,0.0170
689,0.3670,0.3833,0.5794,0.0536,0.3704,0.3869,0.5783,0.0514,0.3087,0.3224,0.6743,0.0169
690,0.3662,0.3825,0.5802,0.0536,0.3696,0.3860,0.5791,0.0514,0.3080,0.3217,0.6751,0.0169
691,0.3654,0.3816,0.5810,0.0536,0.3688,0.3852,0.5799,0.0514,0.3073,0.3210,0.6759,0.0169
692,0.3646,0.3808,0.5818,0.0536,0.3680,0.3843,0.5807,0.0514,0.3066,0.3202,0.6766,0.0168
693,0.3638,0.3800,0.5826,0.0536,0.3672,0.3835,0.5815,0.0514,0.3059,0.3195,0.6773,0.0168
694,0.3630,0.3791,0.5834,0.0536,0.3664,0.3826,0.5823,0.0514,0.3052,0.3188,0.6781,0.0168
695,0.3622,0.3783,0.5842,0.0536,0.3656,0.3818,0.5831,0.0514,0.3045,0.3180,0.6788,0.0167
696,0.3614,0.3774,0.5850,0.0536,0.3648,0.3810,0.5839,0.0514,0.3038,0.3173,0.6795,0.0167
697,0.3606,0.3766,0.5858,0.0536,0.3640,0.3801,0.5846,0.0514,0.3031,0.3166,0.6802,0.0167
698,0.3598,0.3758,0.5866,0.0536,0.3632,0.3793,0.5854,0.0514,0.3024,0.3159,0.6809,0.0167
699,0.3590,0.3750,0.5874,0.0537,0.3624,0.3785,0.5862,0.0514,0.3017,0.3151,0.6816,0.0167
700,0.3582,0.3741,0.5881,0.0537,0.3616,0.3777,0.5870,0.0514,0.3010,0.3144,0.6823,0.0167
