wavelength_nm,T_Palik_연속_8nm,R_Palik_연속_8nm,A_Palik_연속_8nm,T_Palik_연속_15nm,R_Palik_연속_15nm,A_Palik_연속_15nm,T_Palik_island_f0.5,R_Palik_island_f0.5,A_Palik_island_f0.5,T_Palik_island_f0.3,R_Palik_island_f0.3,A_Palik_island_f0.3,T_McPeak_연속_8nm,R_McPeak_연속_8nm,A_McPeak_연속_8nm,T_McPeak_연속_15nm,R_McPeak_연속_15nm,A_McPeak_연속_15nm,T_McPeak_island_f0.5,R_McPeak_island_f0.5,A_McPeak_island_f0.5,T_McPeak_island_f0.3,R_McPeak_island_f0.3,A_McPeak_island_f0.3
400,0.8368,0.1149,0.0483,0.6761,0.2445,0.0793,0.2465,0.4366,0.3170,0.2734,0.3503,0.3763,0.8582,0.1275,0.0143,0.6852,0.2914,0.0234,0.0414,0.7917,0.1669,0.5808,0.3282,0.0910
401,0.8360,0.1157,0.0483,0.6743,0.2465,0.0793,0.2342,0.4444,0.3214,0.2892,0.3450,0.3658,0.8573,0.1284,0.0142,0.6831,0.2937,0.0233,0.0327,0.7983,0.1691,0.5960,0.3173,0.0867
402,0.8351,0.1165,0.0485,0.6722,0.2484,0.0793,0.2220,0.4519,0.3260,0.3057,0.3391,0.3552,0.8564,0.1293,0.0142,0.6809,0.2959,0.0232,0.0252,0.8032,0.1716,0.6105,0.3069,0.0826
403,0.8341,0.1173,0.0486,0.6701,0.2504,0.0794,0.2100,0.4593,0.3306,0.3223,0.3331,0.3447,0.8556,0.1302,0.0142,0.6787,0.2981,0.0231,0.0190,0.8063,0.1747,0.6241,0.2970,0.0789
404,0.8332,0.1180,0.0487,0.6681,0.2524,0.0795,0.1985,0.4665,0.3351,0.3388,0.3269,0.3343,0.8547,0.1311,0.0142,0.6766,0.3004,0.0231,0.0141,0.8072,0.1787,0.6370,0.2875,0.0754
405,0.8323,0.1188,0.0488,0.6661,0.2544,0.0795,0.1874,0.4733,0.3393,0.3552,0.3207,0.3241,0.8538,0.1320,0.0142,0.6744,0.3026,0.0230,0.0103,0.8057,0.1840,0.6493,0.2785,0.0722
406,0.8314,0.1196,0.0490,0.6640,0.2564,0.0796,0.1767,0.4799,0.3434,0.3714,0.3144,0.3142,0.8529,0.1329,0.0142,0.6723,0.3048,0.0230,0.0076,0.8014,0.1911,0.6610,0.2699,0.0691
407,0.8305,0.1204,0.0491,0.6620,0.2583,0.0797,0.1665,0.4862,0.3473,0.3874,0.3081,0.3045,0.8520,0.1339,0.0142,0.6701,0.3070,0.0229,0.0059,0.7936,0.2006,0.6721,0.2617,0.0662
408,0.8296,0.1212,0.0492,0.6600,0.2603,0.0797,0.1568,0.4922,0.3510,0.4031,0.3018,0.2951,0.8511,0.1348,0.0142,0.6680,0.3091,0.0229,0.0052,0.7818,0.2129,0.6826,0.2538,0.0635
409,0.8287,0.1220,0.0493,0.6580,0.2622,0.0798,0.1477,0.4978,0.3545,0.4186,0.2955,0.2860,0.8501,0.1357,0.0142,0.6658,0.3113,0.0228,0.0059,0.7664,0.2278,0.6927,0.2463,0.0610
410,0.8278,0.1228,0.0494,0.6560,0.2641,0.0798,0.1392,0.5031,0.3578,0.4337,0.2892,0.2771,0.8492,0.1366,0.0142,0.6637,0.3135,0.0228,0.0085,0.7489,0.2426,0.7024,0.2391,0.0585
411,0.8269,0.1236,0.0496,0.6541,0.2660,0.0799,0.1312,0.5079,0.3609,0.4485,0.2830,0.2685,0.8483,0.1375,0.0142,0.6616,0.3157,0.0227,0.0144,0.7338,0.2518,0.7116,0.2322,0.0562
412,0.8260,0.1243,0.0497,0.6521,0.2679,0.0799,0.1239,0.5123,0.3637,0.4629,0.2769,0.2602,0.8474,0.1384,0.0142,0.6594,0.3179,0.0227,0.0242,0.7262,0.2496,0.7204,0.2256,0.0539
413,0.8251,0.1251,0.0498,0.6502,0.2698,0.0799,0.1172,0.5165,0.3663,0.4768,0.2710,0.2521,0.8465,0.1394,0.0142,0.6573,0.3201,0.0226,0.0372,0.7271,0.2357,0.7288,0.2193,0.0518
414,0.8245,0.1258,0.0497,0.6486,0.2717,0.0798,0.1111,0.5208,0.3682,0.4903,0.2655,0.2442,0.8456,0.1403,0.0141,0.6552,0.3223,0.0225,0.0512,0.7326,0.2161,0.7369,0.2133,0.0498
415,0.8240,0.1265,0.0495,0.6472,0.2734,0.0793,0.1053,0.5252,0.3694,0.5032,0.2604,0.2363,0.8447,0.1412,0.0141,0.6530,0.3245,0.0225,0.0652,0.7380,0.1968,0.7445,0.2076,0.0479
416,0.8235,0.1272,0.0493,0.6459,0.2752,0.0789,0.1002,0.5293,0.3705,0.5159,0.2554,0.2287,0.8438,0.1421,0.0141,0.6509,0.3267,0.0224,0.0787,0.7409,0.1804,0.7518,0.2021,0.0460
417,0.8230,0.1279,0.0492,0.6445,0.2769,0.0785,0.0957,0.5330,0.3713,0.5282,0.2504,0.2214,0.8429,0.1431,0.0141,0.6488,0.3288,0.0223,0.0921,0.7407,0.1672,0.7588,0.1969,0.0443
418,0.8225,0.1286,0.0490,0.6431,0.2787,0.0782,0.0918,0.5362,0.3720,0.5402,0.2455,0.2143,0.8420,0.1440,0.0141,0.6468,0.3310,0.0222,0.1054,0.7380,0.1566,0.7654,0.1920,0.0426
419,0.8220,0.1292,0.0488,0.6418,0.2804,0.0778,0.0886,0.5391,0.3723,0.5519,0.2407,0.2074,0.8411,0.1449,0.0140,0.6447,0.3331,0.0222,0.1189,0.7332,0.1480,0.7717,0.1872,0.0411
420,0.8214,0.1299,0.0486,0.6404,0.2822,0.0774,0.0860,0.5416,0.3724,0.5633,0.2359,0.2007,0.8402,0.1458,0.0140,0.6427,0.3352,0.0221,0.1325,0.7268,0.1408,0.7777,0.1827,0.0396
421,0.8209,0.1306,0.0485,0.6391,0.2839,0.0770,0.0842,0.5437,0.3722,0.5744,0.2313,0.1943,0.8393,0.1467,0.0140,0.6408,0.3372,0.0220,0.1462,0.7192,0.1346,0.7833,0.1785,0.0382
422,0.8204,0.1313,0.0483,0.6377,0.2856,0.0766,0.0830,0.5454,0.3716,0.5851,0.2267,0.1881,0.8385,0.1476,0.0140,0.6388,0.3393,0.0219,0.1601,0.7107,0.1292,0.7887,0.1744,0.0369
423,0.8199,0.1320,0.0481,0.6364,0.2874,0.0763,0.0826,0.5467,0.3707,0.5956,0.2223,0.1821,0.8376,0.1485,0.0139,0.6369,0.3413,0.0218,0.1742,0.7015,0.1243,0.7939,0.1705,0.0356
424,0.8194,0.1326,0.0479,0.6351,0.2891,0.0759,0.0829,0.5478,0.3694,0.6057,0.2179,0.1764,0.8368,0.1493,0.0139,0.6350,0.3433,0.0218,0.1883,0.6918,0.1199,0.7988,0.1668,0.0344
425,0.8189,0.1333,0.0478,0.6337,0.2908,0.0755,0.0839,0.5485,0.3676,0.6155,0.2136,0.1708,0.8359,0.1502,0.0139,0.6331,0.3453,0.0217,0.2026,0.6817,0.1157,0.8035,0.1632,0.0333
426,0.8184,0.1340,0.0476,0.6324,0.2925,0.0751,0.0857,0.5489,0.3654,0.6251,0.2095,0.1654,0.8351,0.1511,0.0139,0.6312,0.3472,0.0216,0.2169,0.6712,0.1119,0.8080,0.1598,0.0322
427,0.8179,0.1347,0.0474,0.6311,0.2941,0.0748,0.0882,0.5490,0.3629,0.6342,0.2054,0.1604,0.8342,0.1519,0.0138,0.6293,0.3492,0.0215,0.2313,0.6604,0.1082,0.8124,0.1565,0.0311
428,0.8173,0.1353,0.0473,0.6297,0.2957,0.0745,0.0915,0.5485,0.3600,0.6427,0.2016,0.1557,0.8334,0.1528,0.0138,0.6274,0.3512,0.0214,0.2458,0.6495,0.1048,0.8165,0.1533,0.0301
429,0.8168,0.1359,0.0473,0.6284,0.2972,0.0744,0.0954,0.5475,0.3571,0.6506,0.1979,0.1515,0.8325,0.1537,0.0138,0.6255,0.3532,0.0214,0.2602,0.6383,0.1015,0.8206,0.1503,0.0292
430,0.8162,0.1365,0.0473,0.6271,0.2986,0.0743,0.0999,0.5462,0.3539,0.6580,0.1943,0.1476,0.8316,0.1546,0.0138,0.6236,0.3551,0.0213,0.2747,0.6271,0.0983,0.8244,0.1473,0.0282
431,0.8156,0.1371,0.0473,0.6258,0.3001,0.0742,0.1049,0.5447,0.3504,0.6654,0.1909,0.1438,0.8308,0.1555,0.0137,0.6216,0.3571,0.0212,0.2891,0.6157,0.0952,0.8282,0.1445,0.0273
432,0.8150,0.1378,0.0473,0.6244,0.3015,0.0741,0.1104,0.5431,0.3465,0.6724,0.1875,0.1401,0.8299,0.1564,0.0137,0.6197,0.3592,0.0211,0.3035,0.6043,0.0922,0.8318,0.1417,0.0265
433,0.8144,0.1384,0.0473,0.6231,0.3029,0.0739,0.1164,0.5412,0.3424,0.6793,0.1842,0.1365,0.8290,0.1573,0.0137,0.6178,0.3612,0.0211,0.3178,0.5929,0.0893,0.8353,0.1390,0.0257
434,0.8138,0.1390,0.0472,0.6218,0.3044,0.0738,0.1227,0.5392,0.3381,0.6860,0.1810,0.1330,0.8281,0.1583,0.0137,0.6158,0.3632,0.0210,0.3319,0.5815,0.0865,0.8387,0.1364,0.0249
435,0.8132,0.1396,0.0472,0.6205,0.3058,0.0737,0.1295,0.5369,0.3336,0.6924,0.1779,0.1297,0.8272,0.1592,0.0137,0.6138,0.3652,0.0209,0.3459,0.5703,0.0839,0.8419,0.1339,0.0241
436,0.8126,0.1402,0.0472,0.6192,0.3072,0.0736,0.1366,0.5345,0.3289,0.6987,0.1749,0.1264,0.8262,0.1601,0.0136,0.6119,0.3673,0.0209,0.3596,0.5591,0.0813,0.8450,0.1315,0.0234
437,0.8120,0.1408,0.0472,0.6180,0.3086,0.0735,0.1439,0.5319,0.3242,0.7047,0.1720,0.1233,0.8253,0.1610,0.0136,0.6099,0.3693,0.0208,0.3730,0.5481,0.0788,0.8480,0.1292,0.0227
438,0.8115,0.1414,0.0472,0.6167,0.3100,0.0734,0.1516,0.5290,0.3194,0.7106,0.1691,0.1203,0.8244,0.1620,0.0136,0.6080,0.3712,0.0207,0.3862,0.5374,0.0765,0.8509,0.1270,0.0221
439,0.8109,0.1420,0.0472,0.6154,0.3113,0.0732,0.1595,0.5260,0.3145,0.7163,0.1663,0.1174,0.8235,0.1629,0.0136,0.6061,0.3732,0.0207,0.3990,0.5268,0.0742,0.8536,0.1249,0.0215
440,0.8103,0.1426,0.0472,0.6141,0.3127,0.0731,0.1677,0.5227,0.3096,0.7219,0.1636,0.1145,0.8226,0.1638,0.0136,0.6042,0.3752,0.0206,0.4115,0.5165,0.0720,0.8563,0.1229,0.0209
441,0.8097,0.1431,0.0472,0.6129,0.3141,0.0730,0.1760,0.5193,0.3047,0.7272,0.1610,0.1118,0.8217,0.1647,0.0136,0.6023,0.3771,0.0206,0.4236,0.5064,0.0700,0.8588,0.1209,0.0203
442,0.8091,0.1437,0.0471,0.6116,0.3154,0.0729,0.1844,0.5157,0.2999,0.7323,0.1585,0.1092,0.8208,0.1656,0.0136,0.6005,0.3790,0.0205,0.4354,0.4966,0.0680,0.8612,0.1190,0.0198
443,0.8086,0.1444,0.0471,0.6104,0.3169,0.0727,0.1935,0.5120,0.2945,0.7378,0.1559,0.1063,0.8199,0.1665,0.0136,0.5987,0.3808,0.0205,0.4469,0.4870,0.0661,0.8635,0.1172,0.0193
444,0.8081,0.1450,0.0469,0.6091,0.3186,0.0723,0.2031,0.5083,0.2885,0.7434,0.1533,0.1033,0.8190,0.1674,0.0136,0.5969,0.3827,0.0205,0.4580,0.4777,0.0643,0.8657,0.1155,0.0188
445,0.8076,0.1457,0.0467,0.6078,0.3202,0.0719,0.2131,0.5045,0.2825,0.7490,0.1508,0.1002,0.8182,0.1682,0.0136,0.5951,0.3845,0.0204,0.4688,0.4686,0.0626,0.8679,0.1138,0.0183
446,0.8071,0.1464,0.0465,0.6065,0.3219,0.0715,0.2232,0.5004,0.2764,0.7544,0.1483,0.0973,0.8173,0.1691,0.0136,0.5933,0.3863,0.0204,0.4794,0.4597,0.0609,0.8699,0.1121,0.0179
447,0.8065,0.1471,0.0463,0.6053,0.3236,0.0711,0.2334,0.4961,0.2704,0.7597,0.1458,0.0945,0.8164,0.1700,0.0136,0.5915,0.3881,0.0204,0.4897,0.4510,0.0593,0.8719,0.1106,0.0175
448,0.8060,0.1478,0.0461,0.6040,0.3253,0.0708,0.2438,0.4917,0.2645,0.7647,0.1435,0.0918,0.8155,0.1709,0.0136,0.5897,0.3900,0.0204,0.4997,0.4426,0.0577,0.8739,0.1091,0.0171
449,0.8055,0.1485,0.0459,0.6027,0.3269,0.0704,0.2543,0.4871,0.2587,0.7696,0.1412,0.0892,0.8146,0.1718,0.0136,0.5879,0.3918,0.0203,0.5095,0.4343,0.0562,0.8758,0.1076,0.0167
450,0.8050,0.1492,0.0457,0.6015,0.3286,0.0700,0.2648,0.4823,0.2529,0.7744,0.1390,0.0866,0.8137,0.1726,0.0136,0.5861,0.3936,0.0203,0.5191,0.4262,0.0547,0.8776,0.1061,0.0163
451,0.8045,0.1499,0.0455,0.6002,0.3302,0.0696,0.2753,0.4775,0.2472,0.7789,0.1369,0.0842,0.8128,0.1735,0.0136,0.5843,0.3954,0.0203,0.5285,0.4182,0.0533,0.8793,0.1047,0.0159
452,0.8040,0.1506,0.0454,0.5990,0.3318,0.0692,0.2859,0.4725,0.2416,0.7834,0.1348,0.0819,0.8119,0.1744,0.0136,0.5825,0.3972,0.0203,0.5376,0.4104,0.0519,0.8811,0.1034,0.0155
453,0.8035,0.1513,0.0452,0.5977,0.3335,0.0688,0.2965,0.4674,0.2361,0.7877,0.1327,0.0796,0.8110,0.1753,0.0137,0.5807,0.3990,0.0202,0.5466,0.4029,0.0506,0.8827,0.1021,0.0152
454,0.8030,0.1520,0.0450,0.5965,0.3351,0.0685,0.3070,0.4623,0.2307,0.7918,0.1308,0.0774,0.8101,0.1762,0.0137,0.5789,0.4009,0.0202,0.5553,0.3955,0.0493,0.8844,0.1008,0.0149
455,0.8025,0.1527,0.0448,0.5952,0.3367,0.0681,0.3176,0.4571,0.2254,0.7958,0.1289,0.0753,0.8092,0.1771,0.0137,0.5771,0.4027,0.0202,0.5637,0.3883,0.0480,0.8859,0.0995,0.0145
456,0.8020,0.1534,0.0446,0.5940,0.3383,0.0677,0.3281,0.4518,0.2201,0.7997,0.1270,0.0733,0.8083,0.1780,0.0137,0.5754,0.4045,0.0202,0.5719,0.3813,0.0468,0.8874,0.0983,0.0142
457,0.8015,0.1541,0.0444,0.5928,0.3399,0.0674,0.3385,0.4465,0.2150,0.8035,0.1252,0.0713,0.8074,0.1789,0.0137,0.5736,0.4063,0.0201,0.5799,0.3745,0.0456,0.8889,0.0972,0.0139
458,0.8010,0.1548,0.0442,0.5915,0.3415,0.0670,0.3489,0.4411,0.2100,0.8071,0.1235,0.0694,0.8065,0.1798,0.0137,0.5718,0.4081,0.0201,0.5877,0.3679,0.0445,0.8903,0.0961,0.0136
459,0.8005,0.1555,0.0441,0.5903,0.3430,0.0666,0.3591,0.4358,0.2051,0.8107,0.1218,0.0676,0.8056,0.1807,0.0137,0.5701,0.4098,0.0201,0.5952,0.3615,0.0434,0.8917,0.0950,0.0133
460,0.8000,0.1561,0.0439,0.5891,0.3446,0.0663,0.3693,0.4305,0.2003,0.8141,0.1201,0.0658,0.8047,0.1816,0.0137,0.5684,0.4115,0.0200,0.6024,0.3553,0.0423,0.8931,0.0939,0.0130
461,0.7995,0.1568,0.0437,0.5880,0.3461,0.0659,0.3792,0.4252,0.1956,0.8173,0.1185,0.0641,0.8038,0.1825,0.0137,0.5667,0.4133,0.0200,0.6095,0.3493,0.0413,0.8944,0.0929,0.0127
462,0.7990,0.1575,0.0435,0.5868,0.3476,0.0655,0.3891,0.4199,0.1910,0.8205,0.1170,0.0625,0.8030,0.1833,0.0137,0.5651,0.4149,0.0200,0.6163,0.3434,0.0403,0.8956,0.0919,0.0125
463,0.7985,0.1581,0.0433,0.5857,0.3492,0.0652,0.3988,0.4147,0.1865,0.8236,0.1155,0.0609,0.8021,0.1842,0.0137,0.5635,0.4166,0.0199,0.6229,0.3378,0.0393,0.8968,0.0910,0.0122
464,0.7981,0.1588,0.0432,0.5845,0.3507,0.0648,0.4084,0.4094,0.1822,0.8266,0.1140,0.0593,0.8013,0.1850,0.0137,0.5618,0.4183,0.0199,0.6293,0.3323,0.0384,0.8980,0.0900,0.0120
465,0.7976,0.1595,0.0430,0.5834,0.3522,0.0645,0.4179,0.4042,0.1779,0.8295,0.1126,0.0579,0.8004,0.1859,0.0137,0.5602,0.4199,0.0198,0.6356,0.3270,0.0375,0.8991,0.0891,0.0117
466,0.7971,0.1601,0.0428,0.5822,0.3537,0.0641,0.4273,0.3990,0.1737,0.8323,0.1112,0.0564,0.7996,0.1867,0.0137,0.5586,0.4216,0.0198,0.6416,0.3218,0.0366,0.9003,0.0883,0.0115
467,0.7966,0.1608,0.0426,0.5811,0.3552,0.0638,0.4365,0.3939,0.1696,0.8351,0.1099,0.0550,0.7988,0.1876,0.0137,0.5570,0.4232,0.0198,0.6476,0.3167,0.0357,0.9013,0.0874,0.0113
468,0.7961,0.1614,0.0424,0.5799,0.3566,0.0634,0.4456,0.3888,0.1656,0.8377,0.1086,0.0537,0.7979,0.1884,0.0137,0.5554,0.4249,0.0197,0.6534,0.3117,0.0349,0.9024,0.0866,0.0110
469,0.7957,0.1621,0.0423,0.5788,0.3581,0.0631,0.4546,0.3837,0.1617,0.8403,0.1073,0.0524,0.7970,0.1893,0.0137,0.5538,0.4265,0.0197,0.6591,0.3069,0.0341,0.9034,0.0857,0.0108
470,0.7952,0.1627,0.0421,0.5777,0.3596,0.0627,0.4634,0.3788,0.1579,0.8428,0.1061,0.0511,0.7962,0.1902,0.0137,0.5522,0.4282,0.0196,0.6646,0.3021,0.0333,0.9045,0.0849,0.0106
471,0.7947,0.1634,0.0419,0.5766,0.3610,0.0624,0.4720,0.3738,0.1542,0.8452,0.1049,0.0499,0.7953,0.1911,0.0136,0.5505,0.4299,0.0196,0.6701,0.2974,0.0325,0.9054,0.0842,0.0104
472,0.7942,0.1641,0.0417,0.5755,0.3625,0.0620,0.4805,0.3689,0.1505,0.8476,0.1037,0.0487,0.7944,0.1920,0.0136,0.5489,0.4316,0.0196,0.6754,0.2928,0.0318,0.9064,0.0834,0.0102
473,0.7937,0.1647,0.0416,0.5743,0.3639,0.0617,0.4889,0.3641,0.1470,0.8499,0.1026,0.0475,0.7935,0.1929,0.0136,0.5472,0.4333,0.0195,0.6806,0.2884,0.0310,0.9074,0.0826,0.0100
474,0.7933,0.1654,0.0414,0.5732,0.3654,0.0614,0.4971,0.3593,0.1435,0.8521,0.1014,0.0464,0.7926,0.1938,0.0136,0.5455,0.4350,0.0195,0.6857,0.2840,0.0303,0.9083,0.0819,0.0098
475,0.7928,0.1660,0.0412,0.5721,0.3668,0.0610,0.5052,0.3546,0.1402,0.8543,0.1004,0.0453,0.7917,0.1947,0.0137,0.5438,0.4367,0.0195,0.6906,0.2797,0.0297,0.9092,0.0812,0.0096
476,0.7923,0.1667,0.0410,0.5710,0.3682,0.0607,0.5131,0.3500,0.1369,0.8564,0.0993,0.0443,0.7907,0.1956,0.0137,0.5422,0.4384,0.0194,0.6955,0.2755,0.0290,0.9101,0.0805,0.0094
477,0.7918,0.1673,0.0409,0.5699,0.3696,0.0604,0.5208,0.3454,0.1338,0.8584,0.0983,0.0433,0.7898,0.1965,0.0137,0.5405,0.4401,0.0194,0.7002,0.2715,0.0284,0.9109,0.0798,0.0093
478,0.7912,0.1679,0.0408,0.5687,0.3710,0.0603,0.5282,0.3408,0.1310,0.8603,0.0973,0.0424,0.7889,0.1974,0.0137,0.5388,0.4418,0.0194,0.7047,0.2675,0.0277,0.9118,0.0791,0.0091
479,0.7906,0.1686,0.0408,0.5675,0.3723,0.0602,0.5353,0.3363,0.1284,0.8620,0.0963,0.0417,0.7880,0.1983,0.0137,0.5372,0.4434,0.0194,0.7092,0.2637,0.0272,0.9126,0.0785,0.0089
480,0.7900,0.1692,0.0408,0.5663,0.3737,0.0601,0.5423,0.3318,0.1259,0.8637,0.0954,0.0409,0.7871,0.1992,0.0137,0.5356,0.4451,0.0193,0.7134,0.2600,0.0266,0.9133,0.0779,0.0088
481,0.7894,0.1698,0.0408,0.5651,0.3750,0.0599,0.5492,0.3274,0.1233,0.8654,0.0945,0.0401,0.7862,0.2001,0.0137,0.5340,0.4467,0.0193,0.7176,0.2564,0.0261,0.9141,0.0773,0.0086
482,0.7888,0.1705,0.0408,0.5639,0.3763,0.0598,0.5559,0.3232,0.1209,0.8671,0.0936,0.0394,0.7853,0.2010,0.0137,0.5324,0.4483,0.0193,0.7216,0.2528,0.0255,0.9148,0.0767,0.0085
483,0.7882,0.1711,0.0407,0.5627,0.3776,0.0597,0.5625,0.3189,0.1185,0.8687,0.0927,0.0386,0.7844,0.2019,0.0137,0.5308,0.4499,0.0193,0.7255,0.2494,0.0250,0.9155,0.0761,0.0083
484,0.7876,0.1717,0.0407,0.5615,0.3789,0.0596,0.5690,0.3148,0.1162,0.8702,0.0919,0.0379,0.7835,0.2027,0.0138,0.5293,0.4514,0.0193,0.7293,0.2461,0.0246,0.9162,0.0756,0.0082
485,0.7869,0.1724,0.0407,0.5603,0.3802,0.0595,0.5753,0.3108,0.1139,0.8717,0.0910,0.0372,0.7827,0.2036,0.0138,0.5277,0.4530,0.0193,0.7330,0.2429,0.0241,0.9169,0.0750,0.0081
486,0.7863,0.1730,0.0407,0.5592,0.3815,0.0594,0.5815,0.3068,0.1117,0.8732,0.0902,0.0366,0.7818,0.2044,0.0138,0.5262,0.4545,0.0193,0.7366,0.2398,0.0237,0.9176,0.0745,0.0080
487,0.7857,0.1736,0.0406,0.5580,0.3827,0.0593,0.5876,0.3029,0.1096,0.8746,0.0894,0.0359,0.7809,0.2053,0.0138,0.5247,0.4560,0.0193,0.7401,0.2367,0.0232,0.9182,0.0740,0.0078
488,0.7851,0.1742,0.0406,0.5568,0.3840,0.0592,0.5935,0.2990,0.1075,0.8760,0.0887,0.0353,0.7801,0.2061,0.0138,0.5232,0.4575,0.0193,0.7435,0.2337,0.0228,0.9188,0.0735,0.0077
489,0.7845,0.1749,0.0406,0.5557,0.3853,0.0591,0.5993,0.2953,0.1054,0.8774,0.0879,0.0347,0.7792,0.2070,0.0138,0.5217,0.4590,0.0193,0.7468,0.2308,0.0224,0.9194,0.0730,0.0076
490,0.7840,0.1755,0.0406,0.5545,0.3865,0.0589,0.6050,0.2916,0.1034,0.8787,0.0872,0.0341,0.7783,0.2078,0.0138,0.5202,0.4605,0.0192,0.7501,0.2280,0.0219,0.9200,0.0725,0.0075
491,0.7834,0.1761,0.0405,0.5534,0.3878,0.0588,0.6106,0.2880,0.1015,0.8801,0.0865,0.0335,0.7775,0.2087,0.0139,0.5187,0.4620,0.0192,0.7533,0.2252,0.0215,0.9206,0.0720,0.0074
492,0.7828,0.1767,0.0405,0.5523,0.3890,0.0587,0.6160,0.2845,0.0995,0.8813,0.0858,0.0329,0.7766,0.2095,0.0139,0.5173,0.4635,0.0192,0.7564,0.2224,0.0211,0.9212,0.0716,0.0072
493,0.7822,0.1773,0.0405,0.5511,0.3902,0.0586,0.6213,0.2810,0.0977,0.8826,0.0851,0.0323,0.7757,0.2104,0.0139,0.5158,0.4651,0.0192,0.7595,0.2198,0.0207,0.9218,0.0711,0.0071
494,0.7816,0.1779,0.0405,0.5500,0.3915,0.0585,0.6265,0.2776,0.0959,0.8838,0.0844,0.0318,0.7749,0.2113,0.0139,0.5143,0.4666,0.0191,0.7625,0.2172,0.0204,0.9223,0.0707,0.0070
495,0.7810,0.1786,0.0404,0.5489,0.3927,0.0584,0.6317,0.2742,0.0941,0.8850,0.0838,0.0313,0.7740,0.2121,0.0139,0.5128,0.4681,0.0191,0.7654,0.2146,0.0200,0.9229,0.0702,0.0069
496,0.7804,0.1792,0.0404,0.5477,0.3940,0.0583,0.6368,0.2709,0.0923,0.8862,0.0831,0.0307,0.7731,0.2130,0.0139,0.5113,0.4696,0.0191,0.7683,0.2121,0.0196,0.9234,0.0698,0.0068
497,0.7796,0.1800,0.0404,0.5463,0.3954,0.0582,0.6422,0.2673,0.0905,0.8874,0.0824,0.0302,0.7723,0.2138,0.0139,0.5099,0.4711,0.0191,0.7711,0.2096,0.0192,0.9239,0.0694,0.0067
498,0.7788,0.1807,0.0404,0.5449,0.3970,0.0581,0.6476,0.2637,0.0886,0.8886,0.0817,0.0296,0.7714,0.2147,0.0139,0.5084,0.4726,0.0190,0.7739,0.2073,0.0189,0.9244,0.0690,0.0066
499,0.7780,0.1815,0.0404,0.5434,0.3985,0.0581,0.6529,0.2602,0.0869,0.8898,0.0811,0.0291,0.7706,0.2156,0.0139,0.5070,0.4740,0.0190,0.7765,0.2049,0.0185,0.9249,0.0686,0.0065
500,0.7773,0.1823,0.0404,0.5420,0.4000,0.0580,0.6580,0.2569,0.0851,0.8910,0.0804,0.0286,0.7697,0.2164,0.0139,0.5055,0.4755,0.0190,0.7792,0.2026,0.0182,0.9254,0.0682,0.0064
501,0.7765,0.1831,0.0405,0.5406,0.4015,0.0579,0.6630,0.2535,0.0834,0.8921,0.0798,0.0281,0.7688,0.2173,0.0139,0.5041,0.4770,0.0189,0.7817,0.2004,0.0179,0.9259,0.0678,0.0063
502,0.7757,0.1838,0.0405,0.5392,0.4030,0.0578,0.6679,0.2503,0.0818,0.8932,0.0792,0.0276,0.7680,0.2181,0.0139,0.5027,0.4784,0.0189,0.7842,0.1982,0.0175,0.9264,0.0674,0.0062
503,0.7749,0.1846,0.0405,0.5377,0.4045,0.0578,0.6727,0.2471,0.0802,0.8943,0.0786,0.0271,0.7671,0.2190,0.0139,0.5012,0.4799,0.0189,0.7867,0.1961,0.0172,0.9269,0.0671,0.0061
504,0.7742,0.1853,0.0405,0.5364,0.4060,0.0577,0.6773,0.2440,0.0787,0.8953,0.0780,0.0267,0.7663,0.2199,0.0139,0.4998,0.4813,0.0188,0.7891,0.1940,0.0169,0.9273,0.0667,0.0060
505,0.7734,0.1861,0.0405,0.5350,0.4074,0.0576,0.6818,0.2410,0.0772,0.8964,0.0774,0.0262,0.7654,0.2207,0.0139,0.4984,0.4828,0.0188,0.7914,0.1919,0.0166,0.9277,0.0664,0.0059
506,0.7726,0.1869,0.0405,0.5336,0.4089,0.0575,0.6863,0.2381,0.0757,0.8974,0.0769,0.0258,0.7646,0.2216,0.0139,0.4970,0.4842,0.0188,0.7937,0.1899,0.0164,0.9282,0.0660,0.0058
507,0.7719,0.1876,0.0405,0.5322,0.4103,0.0574,0.6906,0.2352,0.0743,0.8983,0.0763,0.0254,0.7637,0.2224,0.0139,0.4956,0.4856,0.0188,0.7959,0.1880,0.0161,0.9286,0.0657,0.0057
508,0.7711,0.1884,0.0405,0.5308,0.4118,0.0574,0.6948,0.2323,0.0729,0.8993,0.0758,0.0249,0.7628,0.2233,0.0139,0.4942,0.4871,0.0187,0.7981,0.1860,0.0158,0.9290,0.0653,0.0057
509,0.7704,0.1891,0.0405,0.5295,0.4132,0.0573,0.6989,0.2296,0.0715,0.9002,0.0753,0.0245,0.7620,0.2241,0.0139,0.4928,0.4885,0.0187,0.8003,0.1842,0.0156,0.9294,0.0650,0.0056
510,0.7696,0.1899,0.0405,0.5281,0.4146,0.0572,0.7029,0.2269,0.0702,0.9011,0.0747,0.0241,0.7611,0.2250,0.0139,0.4914,0.4899,0.0187,0.8024,0.1823,0.0153,0.9298,0.0647,0.0055
511,0.7688,0.1906,0.0405,0.5268,0.4161,0.0571,0.7069,0.2242,0.0689,0.9020,0.0742,0.0237,0.7602,0.2258,0.0139,0.4900,0.4913,0.0187,0.8044,0.1805,0.0151,0.9302,0.0644,0.0054
512,0.7681,0.1914,0.0405,0.5255,0.4175,0.0571,0.7107,0.2216,0.0676,0.9029,0.0738,0.0234,0.7594,0.2267,0.0140,0.4886,0.4927,0.0187,0.8064,0.1787,0.0149,0.9305,0.0641,0.0054
513,0.7673,0.1921,0.0405,0.5242,0.4189,0.0570,0.7145,0.2191,0.0664,0.9037,0.0733,0.0230,0.7585,0.2275,0.0140,0.4872,0.4940,0.0187,0.8083,0.1770,0.0147,0.9309,0.0638,0.0053
514,0.7666,0.1929,0.0405,0.5228,0.4203,0.0569,0.7181,0.2166,0.0652,0.9045,0.0728,0.0226,0.7576,0.2284,0.0140,0.4858,0.4954,0.0187,0.8102,0.1753,0.0144,0.9313,0.0635,0.0052
515,0.7658,0.1936,0.0405,0.5215,0.4216,0.0568,0.7217,0.2142,0.0641,0.9054,0.0724,0.0223,0.7567,0.2292,0.0141,0.4845,0.4968,0.0187,0.8121,0.1736,0.0142,0.9316,0.0632,0.0052
516,0.7651,0.1943,0.0405,0.5202,0.4230,0.0568,0.7252,0.2119,0.0629,0.9061,0.0719,0.0219,0.7559,0.2301,0.0141,0.4831,0.4982,0.0187,0.8140,0.1720,0.0140,0.9320,0.0629,0.0051
517,0.7644,0.1950,0.0405,0.5190,0.4243,0.0567,0.7286,0.2096,0.0619,0.9069,0.0715,0.0216,0.7550,0.2309,0.0141,0.4817,0.4996,0.0187,0.8158,0.1704,0.0138,0.9323,0.0626,0.0051
518,0.7638,0.1957,0.0405,0.5179,0.4255,0.0566,0.7317,0.2074,0.0608,0.9076,0.0711,0.0213,0.7541,0.2318,0.0141,0.4803,0.5009,0.0187,0.8176,0.1688,0.0136,0.9326,0.0624,0.0050
519,0.7632,0.1963,0.0405,0.5168,0.4267,0.0565,0.7348,0.2054,0.0598,0.9083,0.0707,0.0210,0.7532,0.2326,0.0141,0.4790,0.5023,0.0187,0.8193,0.1673,0.0134,0.9330,0.0621,0.0049
520,0.7625,0.1970,0.0405,0.5157,0.4279,0.0564,0.7378,0.2033,0.0588,0.9090,0.0703,0.0207,0.7524,0.2335,0.0141,0.4776,0.5037,0.0187,0.8210,0.1658,0.0132,0.9333,0.0618,0.0049
521,0.7619,0.1976,0.0405,0.5146,0.4291,0.0563,0.7408,0.2013,0.0579,0.9097,0.0699,0.0204,0.7515,0.2344,0.0141,0.4762,0.5051,0.0187,0.8227,0.1643,0.0130,0.9336,0.0616,0.0048
522,0.7613,0.1982,0.0404,0.5136,0.4302,0.0562,0.7437,0.1993,0.0570,0.9103,0.0696,0.0201,0.7506,0.2352,0.0141,0.4749,0.5065,0.0186,0.8244,0.1628,0.0128,0.9339,0.0613,0.0047
523,0.7607,0.1989,0.0404,0.5125,0.4314,0.0561,0.7466,0.1974,0.0560,0.9110,0.0692,0.0198,0.7498,0.2361,0.0141,0.4736,0.5079,0.0186,0.8261,0.1614,0.0126,0.9343,0.0611,0.0047
524,0.7601,0.1995,0.0404,0.5114,0.4326,0.0560,0.7494,0.1955,0.0551,0.9116,0.0688,0.0195,0.7489,0.2370,0.0141,0.4722,0.5093,0.0185,0.8277,0.1599,0.0124,0.9346,0.0608,0.0046
525,0.7595,0.2001,0.0404,0.5104,0.4337,0.0559,0.7521,0.1936,0.0543,0.9123,0.0685,0.0193,0.7481,0.2379,0.0141,0.4709,0.5106,0.0185,0.8293,0.1586,0.0122,0.9349,0.0606,0.0045
526,0.7589,0.2008,0.0404,0.5093,0.4349,0.0558,0.7548,0.1918,0.0534,0.9129,0.0682,0.0190,0.7472,0.2387,0.0141,0.4696,0.5120,0.0184,0.8309,0.1572,0.0119,0.9352,0.0603,0.0045
527,0.7583,0.2014,0.0403,0.5083,0.4360,0.0557,0.7574,0.1900,0.0526,0.9135,0.0678,0.0187,0.7464,0.2396,0.0140,0.4682,0.5134,0.0184,0.8324,0.1559,0.0118,0.9355,0.0601,0.0044
528,0.7577,0.2020,0.0403,0.5072,0.4372,0.0556,0.7600,0.1883,0.0518,0.9140,0.0675,0.0185,0.7455,0.2405,0.0140,0.4669,0.5148,0.0183,0.8339,0.1545,0.0116,0.9358,0.0599,0.0043
529,0.7571,0.2026,0.0403,0.5062,0.4383,0.0555,0.7625,0.1865,0.0510,0.9146,0.0672,0.0182,0.7447,0.2413,0.0140,0.4656,0.5161,0.0183,0.8353,0.1533,0.0114,0.9361,0.0597,0.0043
530,0.7565,0.2033,0.0403,0.5052,0.4394,0.0554,0.7650,0.1848,0.0502,0.9152,0.0668,0.0180,0.7438,0.2422,0.0140,0.4643,0.5174,0.0183,0.8368,0.1520,0.0112,0.9363,0.0594,0.0042
531,0.7559,0.2039,0.0403,0.5042,0.4405,0.0553,0.7674,0.1832,0.0494,0.9157,0.0665,0.0177,0.7429,0.2430,0.0140,0.4630,0.5188,0.0183,0.8382,0.1508,0.0111,0.9366,0.0592,0.0042
532,0.7553,0.2045,0.0402,0.5031,0.4416,0.0552,0.7698,0.1815,0.0487,0.9163,0.0662,0.0175,0.7420,0.2439,0.0141,0.4617,0.5201,0.0183,0.8395,0.1496,0.0109,0.9369,0.0590,0.0041
533,0.7547,0.2051,0.0402,0.5021,0.4427,0.0551,0.7721,0.1799,0.0479,0.9168,0.0659,0.0173,0.7412,0.2447,0.0141,0.4604,0.5213,0.0183,0.8408,0.1484,0.0108,0.9371,0.0588,0.0041
534,0.7541,0.2057,0.0402,0.5011,0.4438,0.0550,0.7744,0.1784,0.0472,0.9173,0.0656,0.0170,0.7403,0.2456,0.0141,0.4591,0.5226,0.0183,0.8421,0.1472,0.0107,0.9373,0.0586,0.0040
535,0.7535,0.2063,0.0402,0.5001,0.4449,0.0550,0.7767,0.1768,0.0465,0.9178,0.0653,0.0168,0.7394,0.2464,0.0142,0.4578,0.5239,0.0183,0.8434,0.1461,0.0105,0.9376,0.0584,0.0040
536,0.7529,0.2070,0.0402,0.4991,0.4460,0.0549,0.7789,0.1753,0.0458,0.9183,0.0651,0.0166,0.7385,0.2473,0.0142,0.4565,0.5251,0.0183,0.8446,0.1450,0.0104,0.9378,0.0582,0.0040
537,0.7523,0.2076,0.0401,0.4981,0.4471,0.0548,0.7810,0.1738,0.0451,0.9188,0.0648,0.0164,0.7376,0.2481,0.0143,0.4552,0.5264,0.0184,0.8458,0.1439,0.0103,0.9380,0.0580,0.0039
538,0.7517,0.2082,0.0401,0.4971,0.4482,0.0547,0.7832,0.1723,0.0445,0.9193,0.0645,0.0162,0.7368,0.2489,0.0143,0.4540,0.5276,0.0184,0.8470,0.1428,0.0102,0.9383,0.0578,0.0039
539,0.7511,0.2088,0.0401,0.4962,0.4492,0.0546,0.7853,0.1709,0.0438,0.9198,0.0642,0.0160,0.7359,0.2498,0.0143,0.4527,0.5289,0.0184,0.8482,0.1417,0.0101,0.9385,0.0576,0.0039
540,0.7505,0.2094,0.0400,0.4951,0.4505,0.0544,0.7875,0.1694,0.0431,0.9203,0.0640,0.0157,0.7350,0.2506,0.0144,0.4515,0.5301,0.0184,0.8494,0.1407,0.0100,0.9387,0.0575,0.0038
541,0.7500,0.2101,0.0399,0.4941,0.4518,0.0541,0.7898,0.1679,0.0423,0.9209,0.0637,0.0155,0.7342,0.2514,0.0144,0.4502,0.5314,0.0184,0.8505,0.1396,0.0098,0.9389,0.0573,0.0038
542,0.7494,0.2108,0.0397,0.4931,0.4530,0.0539,0.7919,0.1665,0.0416,0.9214,0.0634,0.0152,0.7333,0.2523,0.0144,0.4490,0.5326,0.0184,0.8517,0.1386,0.0097,0.9392,0.0571,0.0037
543,0.7489,0.2115,0.0396,0.4921,0.4543,0.0537,0.7941,0.1651,0.0408,0.9219,0.0631,0.0150,0.7325,0.2531,0.0144,0.4478,0.5339,0.0184,0.8528,0.1376,0.0096,0.9394,0.0569,0.0037
544,0.7483,0.2122,0.0395,0.4911,0.4555,0.0534,0.7962,0.1637,0.0401,0.9224,0.0629,0.0147,0.7316,0.2539,0.0144,0.4465,0.5351,0.0184,0.8539,0.1367,0.0095,0.9396,0.0568,0.0037
545,0.7477,0.2129,0.0394,0.4901,0.4567,0.0532,0.7983,0.1623,0.0394,0.9229,0.0626,0.0145,0.7308,0.2548,0.0144,0.4453,0.5363,0.0184,0.8550,0.1357,0.0093,0.9398,0.0566,0.0036
546,0.7472,0.2136,0.0393,0.4891,0.4580,0.0530,0.8003,0.1610,0.0387,0.9234,0.0623,0.0143,0.7300,0.2556,0.0144,0.4441,0.5376,0.0183,0.8560,0.1348,0.0092,0.9400,0.0564,0.0036
547,0.7466,0.2142,0.0391,0.4881,0.4592,0.0527,0.8023,0.1597,0.0380,0.9239,0.0621,0.0140,0.7291,0.2564,0.0144,0.4429,0.5388,0.0183,0.8571,0.1338,0.0091,0.9402,0.0563,0.0035
548,0.7461,0.2149,0.0390,0.4871,0.4604,0.0525,0.8042,0.1584,0.0374,0.9243,0.0619,0.0138,0.7283,0.2573,0.0144,0.4417,0.5400,0.0183,0.8581,0.1329,0.0090,0.9404,0.0561,0.0035
549,0.7455,0.2156,0.0389,0.4861,0.4616,0.0523,0.8061,0.1571,0.0368,0.9248,0.0616,0.0136,0.7275,0.2581,0.0144,0.4405,0.5412,0.0182,0.8591,0.1320,0.0089,0.9406,0.0559,0.0034
550,0.7449,0.2163,0.0388,0.4851,0.4628,0.0521,0.8080,0.1559,0.0361,0.9252,0.0614,0.0134,0.7267,0.2589,0.0144,0.4394,0.5424,0.0182,0.8601,0.1311,0.0087,0.9408,0.0558,0.0034
551,0.7444,0.2169,0.0387,0.4841,0.4640,0.0518,0.8098,0.1546,0.0355,0.9257,0.0611,0.0132,0.7258,0.2597,0.0144,0.4382,0.5436,0.0182,0.8611,0.1303,0.0086,0.9410,0.0556,0.0034
552,0.7438,0.2176,0.0385,0.4832,0.4652,0.0516,0.8117,0.1534,0.0349,0.9261,0.0609,0.0130,0.7250,0.2606,0.0144,0.4370,0.5448,0.0182,0.8621,0.1294,0.0085,0.9412,0.0555,0.0033
553,0.7433,0.2183,0.0384,0.4822,0.4664,0.0514,0.8134,0.1522,0.0343,0.9265,0.0607,0.0128,0.7242,0.2614,0.0144,0.4358,0.5460,0.0182,0.8630,0.1286,0.0084,0.9414,0.0553,0.0033
554,0.7427,0.2190,0.0383,0.4813,0.4676,0.0512,0.8152,0.1511,0.0338,0.9269,0.0605,0.0126,0.7233,0.2622,0.0145,0.4347,0.5472,0.0181,0.8640,0.1277,0.0083,0.9415,0.0552,0.0033
555,0.7422,0.2196,0.0382,0.4803,0.4687,0.0510,0.8169,0.1499,0.0332,0.9273,0.0602,0.0124,0.7225,0.2630,0.0145,0.4335,0.5484,0.0181,0.8649,0.1269,0.0082,0.9417,0.0551,0.0032
556,0.7416,0.2203,0.0381,0.4794,0.4699,0.0508,0.8185,0.1488,0.0327,0.9277,0.0600,0.0122,0.7217,0.2639,0.0145,0.4324,0.5495,0.0181,0.8658,0.1261,0.0081,0.9419,0.0549,0.0032
557,0.7411,0.2209,0.0380,0.4784,0.4711,0.0505,0.8202,0.1477,0.0321,0.9281,0.0598,0.0121,0.7208,0.2647,0.0145,0.4312,0.5507,0.0181,0.8667,0.1253,0.0080,0.9421,0.0548,0.0032
558,0.7406,0.2216,0.0378,0.4775,0.4722,0.0503,0.8218,0.1466,0.0316,0.9285,0.0596,0.0119,0.7200,0.2655,0.0145,0.4300,0.5518,0.0181,0.8675,0.1245,0.0079,0.9422,0.0546,0.0031
559,0.7400,0.2223,0.0377,0.4765,0.4734,0.0501,0.8234,0.1455,0.0311,0.9289,0.0594,0.0117,0.7191,0.2663,0.0145,0.4289,0.5530,0.0181,0.8684,0.1238,0.0079,0.9424,0.0545,0.0031
560,0.7395,0.2229,0.0376,0.4756,0.4745,0.0499,0.8249,0.1445,0.0306,0.9293,0.0592,0.0115,0.7183,0.2671,0.0146,0.4277,0.5541,0.0181,0.8692,0.1230,0.0078,0.9426,0.0544,0.0031
561,0.7389,0.2236,0.0375,0.4747,0.4756,0.0497,0.8264,0.1435,0.0301,0.9296,0.0590,0.0114,0.7174,0.2680,0.0146,0.4266,0.5553,0.0181,0.8700,0.1223,0.0077,0.9427,0.0542,0.0031
562,0.7384,0.2242,0.0374,0.4738,0.4768,0.0495,0.8279,0.1424,0.0296,0.9300,0.0588,0.0112,0.7166,0.2688,0.0146,0.4254,0.5564,0.0182,0.8708,0.1215,0.0076,0.9429,0.0541,0.0030
563,0.7379,0.2249,0.0373,0.4728,0.4779,0.0493,0.8294,0.1414,0.0292,0.9303,0.0586,0.0110,0.7157,0.2696,0.0147,0.4242,0.5576,0.0182,0.8716,0.1208,0.0075,0.9430,0.0540,0.0030
564,0.7372,0.2255,0.0372,0.4719,0.4790,0.0491,0.8308,0.1404,0.0287,0.9306,0.0585,0.0109,0.7149,0.2704,0.0147,0.4231,0.5587,0.0182,0.8724,0.1201,0.0075,0.9432,0.0539,0.0030
565,0.7366,0.2262,0.0372,0.4708,0.4801,0.0491,0.8322,0.1395,0.0283,0.9310,0.0583,0.0108,0.7140,0.2713,0.0148,0.4219,0.5598,0.0182,0.8732,0.1194,0.0074,0.9433,0.0537,0.0030
566,0.7359,0.2269,0.0372,0.4698,0.4812,0.0490,0.8335,0.1385,0.0280,0.9313,0.0581,0.0106,0.7131,0.2721,0.0148,0.4208,0.5610,0.0183,0.8740,0.1187,0.0073,0.9435,0.0536,0.0029
567,0.7353,0.2275,0.0372,0.4688,0.4823,0.0489,0.8348,0.1376,0.0276,0.9316,0.0579,0.0105,0.7123,0.2729,0.0148,0.4196,0.5621,0.0183,0.8747,0.1180,0.0073,0.9436,0.0535,0.0029
568,0.7346,0.2282,0.0372,0.4678,0.4833,0.0489,0.8361,0.1366,0.0273,0.9318,0.0577,0.0104,0.7114,0.2737,0.0149,0.4185,0.5632,0.0183,0.8755,0.1173,0.0072,0.9437,0.0534,0.0029
569,0.7340,0.2288,0.0372,0.4668,0.4844,0.0488,0.8374,0.1357,0.0269,0.9321,0.0576,0.0103,0.7105,0.2746,0.0149,0.4173,0.5643,0.0183,0.8762,0.1167,0.0071,0.9439,0.0533,0.0029
570,0.7333,0.2295,0.0372,0.4658,0.4855,0.0487,0.8386,0.1348,0.0266,0.9324,0.0574,0.0102,0.7097,0.2754,0.0150,0.4162,0.5655,0.0183,0.8769,0.1160,0.0071,0.9440,0.0531,0.0028
571,0.7327,0.2302,0.0372,0.4648,0.4865,0.0487,0.8398,0.1339,0.0263,0.9327,0.0572,0.0101,0.7088,0.2762,0.0150,0.4151,0.5666,0.0184,0.8776,0.1154,0.0070,0.9441,0.0530,0.0028
572,0.7320,0.2308,0.0372,0.4638,0.4876,0.0486,0.8410,0.1330,0.0259,0.9330,0.0571,0.0100,0.7080,0.2770,0.0150,0.4139,0.5677,0.0184,0.8783,0.1147,0.0069,0.9443,0.0529,0.0028
573,0.7314,0.2315,0.0372,0.4628,0.4887,0.0486,0.8422,0.1322,0.0256,0.9332,0.0569,0.0098,0.7071,0.2779,0.0150,0.4128,0.5688,0.0184,0.8790,0.1141,0.0069,0.9444,0.0528,0.0028
574,0.7307,0.2321,0.0372,0.4618,0.4897,0.0485,0.8434,0.1313,0.0253,0.9335,0.0568,0.0097,0.7063,0.2787,0.0151,0.4117,0.5699,0.0184,0.8797,0.1135,0.0068,0.9446,0.0527,0.0027
575,0.7301,0.2327,0.0372,0.4608,0.4907,0.0484,0.8445,0.1305,0.0250,0.9337,0.0566,0.0096,0.7054,0.2795,0.0151,0.4106,0.5710,0.0184,0.8804,0.1129,0.0067,0.9447,0.0526,0.0027
576,0.7294,0.2334,0.0372,0.4599,0.4918,0.0484,0.8456,0.1297,0.0247,0.9340,0.0565,0.0095,0.7046,0.2803,0.0151,0.4095,0.5721,0.0184,0.8811,0.1123,0.0067,0.9448,0.0525,0.0027
577,0.7288,0.2340,0.0372,0.4589,0.4928,0.0483,0.8467,0.1289,0.0244,0.9343,0.0563,0.0094,0.7037,0.2812,0.0151,0.4084,0.5733,0.0183,0.8817,0.1117,0.0066,0.9449,0.0524,0.0027
578,0.7282,0.2347,0.0372,0.4579,0.4938,0.0482,0.8478,0.1281,0.0241,0.9345,0.0562,0.0093,0.7029,0.2820,0.0151,0.4073,0.5744,0.0183,0.8824,0.1111,0.0065,0.9451,0.0523,0.0026
579,0.7275,0.2353,0.0372,0.4570,0.4948,0.0482,0.8489,0.1273,0.0238,0.9347,0.0560,0.0092,0.7020,0.2828,0.0151,0.4062,0.5755,0.0183,0.8830,0.1105,0.0064,0.9452,0.0522,0.0026
580,0.7269,0.2360,0.0372,0.4560,0.4958,0.0481,0.8499,0.1265,0.0235,0.9350,0.0559,0.0091,0.7012,0.2837,0.0151,0.4051,0.5766,0.0183,0.8837,0.1099,0.0064,0.9453,0.0521,0.0026
581,0.7263,0.2366,0.0372,0.4551,0.4968,0.0481,0.8510,0.1258,0.0232,0.9352,0.0557,0.0090,0.7004,0.2845,0.0151,0.4040,0.5777,0.0183,0.8843,0.1094,0.0063,0.9455,0.0520,0.0026
582,0.7256,0.2372,0.0372,0.4542,0.4978,0.0480,0.8520,0.1250,0.0230,0.9354,0.0556,0.0089,0.6996,0.2853,0.0151,0.4030,0.5788,0.0182,0.8850,0.1088,0.0062,0.9456,0.0519,0.0025
583,0.7250,0.2378,0.0372,0.4532,0.4988,0.0479,0.8530,0.1243,0.0227,0.9357,0.0555,0.0089,0.6987,0.2862,0.0151,0.4019,0.5799,0.0182,0.8856,0.1083,0.0062,0.9457,0.0518,0.0025
584,0.7244,0.2385,0.0372,0.4523,0.4998,0.0479,0.8540,0.1236,0.0224,0.9359,0.0553,0.0088,0.6979,0.2870,0.0151,0.4008,0.5810,0.0182,0.8862,0.1077,0.0061,0.9458,0.0517,0.0025
585,0.7237,0.2391,0.0371,0.4514,0.5008,0.0478,0.8550,0.1228,0.0222,0.9361,0.0552,0.0087,0.6971,0.2878,0.0151,0.3998,0.5821,0.0181,0.8868,0.1072,0.0060,0.9459,0.0516,0.0025
586,0.7231,0.2397,0.0371,0.4505,0.5018,0.0478,0.8559,0.1221,0.0219,0.9363,0.0551,0.0086,0.6963,0.2886,0.0151,0.3987,0.5832,0.0181,0.8874,0.1067,0.0059,0.9461,0.0515,0.0024
587,0.7225,0.2404,0.0371,0.4496,0.5027,0.0477,0.8569,0.1215,0.0217,0.9366,0.0549,0.0085,0.6954,0.2895,0.0151,0.3977,0.5843,0.0180,0.8880,0.1061,0.0059,0.9462,0.0514,0.0024
588,0.7219,0.2410,0.0371,0.4487,0.5037,0.0476,0.8578,0.1208,0.0214,0.9368,0.0548,0.0084,0.6946,0.2903,0.0151,0.3966,0.5854,0.0180,0.8886,0.1056,0.0058,0.9463,0.0513,0.0024
589,0.7213,0.2416,0.0371,0.4478,0.5047,0.0476,0.8587,0.1201,0.0212,0.9370,0.0547,0.0083,0.6938,0.2911,0.0151,0.3956,0.5865,0.0180,0.8891,0.1051,0.0057,0.9464,0.0512,0.0024
590,0.7207,0.2422,0.0371,0.4469,0.5056,0.0475,0.8596,0.1194,0.0210,0.9372,0.0546,0.0083,0.6930,0.2919,0.0150,0.3946,0.5875,0.0179,0.8897,0.1046,0.0057,0.9465,0.0511,0.0023
591,0.7200,0.2428,0.0372,0.4459,0.5066,0.0475,0.8605,0.1188,0.0208,0.9374,0.0545,0.0082,0.6922,0.2928,0.0150,0.3935,0.5886,0.0179,0.8903,0.1041,0.0056,0.9466,0.0511,0.0023
592,0.7193,0.2435,0.0373,0.4449,0.5075,0.0476,0.8613,0.1181,0.0206,0.9375,0.0543,0.0081,0.6914,0.2936,0.0150,0.3925,0.5896,0.0179,0.8908,0.1036,0.0055,0.9467,0.0510,0.0023
593,0.7186,0.2441,0.0374,0.4440,0.5084,0.0476,0.8621,0.1175,0.0204,0.9377,0.0542,0.0081,0.6906,0.2944,0.0150,0.3915,0.5907,0.0178,0.8913,0.1032,0.0055,0.9468,0.0509,0.0023
594,0.7179,0.2447,0.0374,0.4430,0.5093,0.0477,0.8629,0.1169,0.0202,0.9379,0.0541,0.0080,0.6898,0.2952,0.0150,0.3905,0.5917,0.0178,0.8919,0.1027,0.0054,0.9469,0.0508,0.0022
595,0.7172,0.2453,0.0375,0.4421,0.5102,0.0477,0.8637,0.1162,0.0200,0.9381,0.0540,0.0079,0.6890,0.2960,0.0150,0.3895,0.5927,0.0178,0.8924,0.1022,0.0054,0.9470,0.0507,0.0022
596,0.7165,0.2459,0.0376,0.4411,0.5111,0.0478,0.8645,0.1156,0.0199,0.9382,0.0539,0.0079,0.6882,0.2968,0.0150,0.3885,0.5937,0.0178,0.8929,0.1018,0.0053,0.9471,0.0506,0.0022
597,0.7158,0.2465,0.0377,0.4402,0.5120,0.0478,0.8653,0.1150,0.0197,0.9384,0.0538,0.0078,0.6874,0.2976,0.0150,0.3875,0.5947,0.0178,0.8934,0.1013,0.0053,0.9472,0.0506,0.0022
598,0.7151,0.2471,0.0378,0.4392,0.5129,0.0479,0.8660,0.1144,0.0195,0.9386,0.0537,0.0078,0.6866,0.2984,0.0151,0.3865,0.5957,0.0178,0.8939,0.1009,0.0052,0.9473,0.0505,0.0022
599,0.7144,0.2477,0.0379,0.4383,0.5137,0.0479,0.8668,0.1139,0.0194,0.9387,0.0536,0.0077,0.6858,0.2992,0.0151,0.3855,0.5967,0.0178,0.8944,0.1004,0.0052,0.9474,0.0504,0.0022
600,0.7137,0.2483,0.0379,0.4374,0.5146,0.0480,0.8675,0.1133,0.0192,0.9389,0.0535,0.0077,0.6849,0.2999,0.0151,0.3845,0.5977,0.0178,0.8949,0.1000,0.0051,0.9475,0.0503,0.0021
601,0.7130,0.2489,0.0380,0.4365,0.5155,0.0480,0.8682,0.1127,0.0190,0.9390,0.0534,0.0076,0.6841,0.3007,0.0151,0.3835,0.5987,0.0178,0.8953,0.0996,0.0051,0.9476,0.0503,0.0021
602,0.7124,0.2495,0.0381,0.4355,0.5164,0.0481,0.8690,0.1121,0.0189,0.9392,0.0533,0.0076,0.6833,0.3015,0.0152,0.3825,0.5997,0.0178,0.8958,0.0991,0.0051,0.9477,0.0502,0.0021
603,0.7117,0.2501,0.0382,0.4346,0.5172,0.0481,0.8697,0.1116,0.0187,0.9393,0.0532,0.0075,0.6824,0.3023,0.0152,0.3815,0.6007,0.0178,0.8963,0.0987,0.0050,0.9478,0.0501,0.0021
604,0.7110,0.2507,0.0383,0.4337,0.5181,0.0482,0.8704,0.1110,0.0186,0.9395,0.0531,0.0074,0.6816,0.3031,0.0153,0.3805,0.6016,0.0179,0.8967,0.0983,0.0050,0.9479,0.0500,0.0021
605,0.7103,0.2513,0.0383,0.4328,0.5189,0.0482,0.8711,0.1105,0.0184,0.9396,0.0530,0.0074,0.6808,0.3039,0.0153,0.3795,0.6026,0.0179,0.8972,0.0979,0.0049,0.9480,0.0500,0.0021
606,0.7097,0.2519,0.0384,0.4319,0.5198,0.0483,0.8717,0.1100,0.0183,0.9398,0.0529,0.0073,0.6799,0.3047,0.0154,0.3785,0.6036,0.0179,0.8976,0.0975,0.0049,0.9480,0.0499,0.0021
607,0.7090,0.2525,0.0385,0.4311,0.5206,0.0483,0.8724,0.1095,0.0181,0.9399,0.0528,0.0073,0.6791,0.3055,0.0154,0.3775,0.6045,0.0179,0.8980,0.0971,0.0049,0.9481,0.0498,0.0020
608,0.7083,0.2531,0.0386,0.4302,0.5215,0.0484,0.8731,0.1089,0.0180,0.9401,0.0527,0.0072,0.6783,0.3063,0.0154,0.3766,0.6055,0.0179,0.8985,0.0967,0.0048,0.9482,0.0498,0.0020
609,0.7077,0.2537,0.0387,0.4293,0.5223,0.0484,0.8737,0.1084,0.0178,0.9402,0.0526,0.0072,0.6774,0.3071,0.0155,0.3756,0.6064,0.0180,0.8989,0.0963,0.0048,0.9483,0.0497,0.0020
610,0.7070,0.2543,0.0387,0.4284,0.5231,0.0485,0.8744,0.1079,0.0177,0.9404,0.0525,0.0071,0.6766,0.3079,0.0155,0.3746,0.6074,0.0180,0.8993,0.0959,0.0048,0.9484,0.0496,0.0020
611,0.7063,0.2549,0.0388,0.4276,0.5239,0.0485,0.8750,0.1074,0.0176,0.9405,0.0524,0.0071,0.6759,0.3086,0.0155,0.3737,0.6083,0.0180,0.8997,0.0955,0.0047,0.9484,0.0496,0.0020
612,0.7057,0.2554,0.0389,0.4267,0.5248,0.0485,0.8756,0.1069,0.0174,0.9406,0.0523,0.0070,0.6751,0.3094,0.0155,0.3728,0.6093,0.0180,0.9002,0.0952,0.0047,0.9485,0.0495,0.0020
613,0.7050,0.2560,0.0390,0.4258,0.5256,0.0486,0.8763,0.1064,0.0173,0.9408,0.0522,0.0070,0.6743,0.3102,0.0155,0.3719,0.6102,0.0179,0.9006,0.0948,0.0046,0.9486,0.0494,0.0020
614,0.7044,0.2566,0.0390,0.4250,0.5264,0.0486,0.8769,0.1060,0.0172,0.9409,0.0521,0.0069,0.6735,0.3109,0.0155,0.3710,0.6111,0.0179,0.9010,0.0944,0.0046,0.9487,0.0494,0.0019
615,0.7037,0.2572,0.0391,0.4241,0.5272,0.0487,0.8775,0.1055,0.0170,0.9410,0.0521,0.0069,0.6728,0.3117,0.0155,0.3701,0.6120,0.0179,0.9014,0.0941,0.0046,0.9488,0.0493,0.0019
616,0.7031,0.2577,0.0392,0.4233,0.5280,0.0487,0.8781,0.1050,0.0169,0.9412,0.0520,0.0069,0.6720,0.3125,0.0155,0.3692,0.6130,0.0179,0.9018,0.0937,0.0045,0.9488,0.0493,0.0019
617,0.7024,0.2583,0.0393,0.4224,0.5288,0.0488,0.8787,0.1046,0.0168,0.9413,0.0519,0.0068,0.6712,0.3132,0.0155,0.3683,0.6139,0.0179,0.9022,0.0934,0.0045,0.9489,0.0492,0.0019
618,0.7018,0.2589,0.0393,0.4216,0.5296,0.0488,0.8793,0.1041,0.0166,0.9414,0.0518,0.0068,0.6705,0.3140,0.0155,0.3674,0.6148,0.0179,0.9026,0.0930,0.0044,0.9490,0.0491,0.0019
619,0.7011,0.2594,0.0394,0.4208,0.5304,0.0488,0.8798,0.1037,0.0165,0.9415,0.0517,0.0067,0.6697,0.3148,0.0156,0.3665,0.6157,0.0178,0.9030,0.0927,0.0044,0.9491,0.0491,0.0019
620,0.7005,0.2601,0.0395,0.4199,0.5312,0.0489,0.8804,0.1032,0.0164,0.9417,0.0516,0.0067,0.6689,0.3155,0.0156,0.3655,0.6166,0.0178,0.9033,0.0923,0.0044,0.9491,0.0490,0.0019
621,0.6997,0.2608,0.0395,0.4189,0.5322,0.0489,0.8810,0.1027,0.0162,0.9418,0.0516,0.0066,0.6681,0.3163,0.0156,0.3646,0.6175,0.0178,0.9037,0.0920,0.0043,0.9492,0.0490,0.0018
622,0.6988,0.2616,0.0396,0.4178,0.5333,0.0489,0.8817,0.1022,0.0161,0.9420,0.0515,0.0066,0.6673,0.3171,0.0156,0.3637,0.6185,0.0178,0.9041,0.0916,0.0043,0.9493,0.0489,0.0018
623,0.6980,0.2623,0.0397,0.4167,0.5344,0.0489,0.8823,0.1018,0.0159,0.9421,0.0514,0.0065,0.6665,0.3179,0.0156,0.3628,0.6194,0.0178,0.9044,0.0913,0.0043,0.9493,0.0488,0.0018
624,0.6972,0.2631,0.0397,0.4156,0.5355,0.0489,0.8829,0.1013,0.0158,0.9422,0.0513,0.0065,0.6657,0.3187,0.0157,0.3618,0.6203,0.0179,0.9048,0.0910,0.0042,0.9494,0.0488,0.0018
625,0.6964,0.2638,0.0398,0.4146,0.5365,0.0489,0.8835,0.1008,0.0156,0.9424,0.0512,0.0064,0.6648,0.3194,0.0157,0.3609,0.6212,0.0179,0.9052,0.0906,0.0042,0.9495,0.0487,0.0018
626,0.6956,0.2646,0.0398,0.4135,0.5376,0.0489,0.8841,0.1004,0.0155,0.9425,0.0511,0.0064,0.6640,0.3202,0.0158,0.3600,0.6221,0.0179,0.9055,0.0903,0.0042,0.9495,0.0487,0.0018
627,0.6948,0.2653,0.0399,0.4124,0.5386,0.0489,0.8847,0.0999,0.0153,0.9426,0.0511,0.0063,0.6632,0.3210,0.0158,0.3590,0.6230,0.0179,0.9059,0.0900,0.0041,0.9496,0.0486,0.0018
628,0.6940,0.2661,0.0400,0.4114,0.5396,0.0490,0.8853,0.0995,0.0152,0.9428,0.0510,0.0063,0.6623,0.3218,0.0158,0.3581,0.6240,0.0179,0.9062,0.0897,0.0041,0.9497,0.0486,0.0018
629,0.6932,0.2668,0.0400,0.4104,0.5407,0.0490,0.8859,0.0991,0.0151,0.9429,0.0509,0.0062,0.6615,0.3226,0.0159,0.3572,0.6249,0.0180,0.9065,0.0894,0.0041,0.9497,0.0485,0.0018
630,0.6924,0.2675,0.0401,0.4093,0.5417,0.0490,0.8864,0.0986,0.0149,0.9430,0.0508,0.0062,0.6607,0.3234,0.0159,0.3563,0.6258,0.0180,0.9069,0.0891,0.0041,0.9498,0.0485,0.0017
631,0.6916,0.2683,0.0401,0.4083,0.5427,0.0490,0.8870,0.0982,0.0148,0.9432,0.0507,0.0061,0.6599,0.3242,0.0159,0.3553,0.6267,0.0180,0.9072,0.0887,0.0040,0.9499,0.0484,0.0017
632,0.6908,0.2690,0.0402,0.4073,0.5437,0.0490,0.8875,0.0978,0.0147,0.9433,0.0507,0.0061,0.6591,0.3250,0.0160,0.3544,0.6276,0.0180,0.9076,0.0884,0.0040,0.9499,0.0484,0.0017
633,0.6900,0.2697,0.0403,0.4063,0.5447,0.0490,0.8881,0.0974,0.0145,0.9434,0.0506,0.0060,0.6582,0.3258,0.0160,0.3535,0.6285,0.0180,0.9079,0.0881,0.0040,0.9500,0.0483,0.0017
634,0.6892,0.2705,0.0403,0.4053,0.5457,0.0490,0.8886,0.0970,0.0144,0.9435,0.0505,0.0060,0.6574,0.3266,0.0160,0.3526,0.6294,0.0180,0.9082,0.0878,0.0039,0.9500,0.0483,0.0017
635,0.6884,0.2712,0.0404,0.4043,0.5467,0.0490,0.8891,0.0966,0.0143,0.9436,0.0504,0.0059,0.6567,0.3273,0.0160,0.3517,0.6303,0.0180,0.9085,0.0876,0.0039,0.9501,0.0482,0.0017
636,0.6876,0.2719,0.0404,0.4033,0.5477,0.0490,0.8897,0.0962,0.0142,0.9438,0.0504,0.0059,0.6559,0.3281,0.0160,0.3509,0.6312,0.0180,0.9089,0.0873,0.0039,0.9502,0.0482,0.0017
637,0.6869,0.2727,0.0405,0.4023,0.5487,0.0490,0.8902,0.0958,0.0141,0.9439,0.0503,0.0058,0.6551,0.3289,0.0160,0.3500,0.6321,0.0179,0.9092,0.0870,0.0038,0.9502,0.0481,0.0017
638,0.6861,0.2734,0.0405,0.4013,0.5497,0.0490,0.8907,0.0954,0.0139,0.9440,0.0502,0.0058,0.6543,0.3297,0.0160,0.3491,0.6330,0.0179,0.9095,0.0867,0.0038,0.9503,0.0481,0.0016
639,0.6853,0.2741,0.0406,0.4003,0.5506,0.0490,0.8912,0.0950,0.0138,0.9441,0.0502,0.0058,0.6536,0.3305,0.0160,0.3483,0.6339,0.0178,0.9098,0.0864,0.0038,0.9504,0.0480,0.0016
640,0.6845,0.2748,0.0407,0.3994,0.5516,0.0490,0.8917,0.0946,0.0137,0.9442,0.0501,0.0057,0.6528,0.3313,0.0159,0.3474,0.6348,0.0178,0.9102,0.0861,0.0037,0.9504,0.0480,0.0016
641,0.6838,0.2755,0.0407,0.3984,0.5526,0.0490,0.8922,0.0943,0.0136,0.9443,0.0500,0.0057,0.6521,0.3320,0.0159,0.3466,0.6357,0.0177,0.9105,0.0858,0.0037,0.9505,0.0479,0.0016
642,0.6830,0.2762,0.0408,0.3974,0.5535,0.0490,0.8926,0.0939,0.0135,0.9444,0.0500,0.0056,0.6513,0.3328,0.0158,0.3458,0.6366,0.0176,0.9108,0.0856,0.0036,0.9505,0.0479,0.0016
643,0.6822,0.2769,0.0408,0.3965,0.5545,0.0490,0.8931,0.0935,0.0134,0.9445,0.0499,0.0056,0.6506,0.3336,0.0158,0.3449,0.6375,0.0176,0.9111,0.0853,0.0036,0.9506,0.0478,0.0016
644,0.6815,0.2776,0.0409,0.3955,0.5554,0.0491,0.8936,0.0932,0.0132,0.9446,0.0498,0.0055,0.6499,0.3344,0.0157,0.3441,0.6384,0.0175,0.9114,0.0850,0.0036,0.9507,0.0478,0.0015
645,0.6807,0.2784,0.0409,0.3946,0.5563,0.0491,0.8941,0.0928,0.0131,0.9447,0.0498,0.0055,0.6491,0.3352,0.0157,0.3433,0.6393,0.0174,0.9117,0.0848,0.0035,0.9507,0.0477,0.0015
646,0.6800,0.2791,0.0410,0.3937,0.5573,0.0491,0.8945,0.0925,0.0130,0.9448,0.0497,0.0055,0.6484,0.3360,0.0156,0.3425,0.6402,0.0173,0.9120,0.0845,0.0035,0.9508,0.0477,0.0015
647,0.6792,0.2798,0.0410,0.3927,0.5582,0.0491,0.8950,0.0921,0.0129,0.9449,0.0496,0.0054,0.6476,0.3368,0.0156,0.3416,0.6411,0.0173,0.9123,0.0842,0.0034,0.9509,0.0476,0.0015
648,0.6785,0.2805,0.0411,0.3918,0.5591,0.0491,0.8954,0.0918,0.0128,0.9450,0.0496,0.0054,0.6469,0.3375,0.0156,0.3408,0.6420,0.0172,0.9126,0.0840,0.0034,0.9509,0.0476,0.0015
649,0.6777,0.2811,0.0411,0.3909,0.5600,0.0491,0.8959,0.0914,0.0127,0.9451,0.0495,0.0053,0.6461,0.3383,0.0156,0.3399,0.6429,0.0172,0.9129,0.0837,0.0034,0.9510,0.0476,0.0015
650,0.6770,0.2818,0.0412,0.3900,0.5609,0.0491,0.8963,0.0911,0.0126,0.9452,0.0494,0.0053,0.6453,0.3391,0.0156,0.3391,0.6437,0.0172,0.9132,0.0835,0.0033,0.9510,0.0475,0.0015
651,0.6762,0.2825,0.0412,0.3891,0.5618,0.0491,0.8967,0.0908,0.0125,0.9453,0.0494,0.0053,0.6445,0.3399,0.0156,0.3382,0.6446,0.0172,0.9135,0.0832,0.0033,0.9511,0.0475,0.0014
652,0.6755,0.2832,0.0413,0.3882,0.5627,0.0491,0.8971,0.0904,0.0124,0.9454,0.0493,0.0052,0.6437,0.3406,0.0157,0.3374,0.6454,0.0172,0.9137,0.0830,0.0033,0.9511,0.0474,0.0014
653,0.6748,0.2839,0.0413,0.3873,0.5637,0.0490,0.8976,0.0901,0.0123,0.9455,0.0493,0.0052,0.6428,0.3414,0.0157,0.3365,0.6462,0.0173,0.9140,0.0827,0.0033,0.9512,0.0474,0.0014
654,0.6740,0.2847,0.0413,0.3864,0.5647,0.0489,0.8980,0.0898,0.0122,0.9456,0.0492,0.0051,0.6420,0.3422,0.0158,0.3356,0.6470,0.0174,0.9142,0.0825,0.0033,0.9512,0.0474,0.0014
655,0.6733,0.2854,0.0413,0.3855,0.5657,0.0489,0.8985,0.0895,0.0121,0.9458,0.0492,0.0051,0.6412,0.3429,0.0159,0.3348,0.6478,0.0174,0.9145,0.0823,0.0033,0.9512,0.0473,0.0014
656,0.6726,0.2861,0.0412,0.3846,0.5667,0.0488,0.8989,0.0891,0.0119,0.9459,0.0491,0.0050,0.6403,0.3437,0.0160,0.3339,0.6486,0.0175,0.9147,0.0820,0.0033,0.9513,0.0473,0.0014
657,0.6719,0.2869,0.0412,0.3837,0.5676,0.0487,0.8994,0.0888,0.0118,0.9460,0.0490,0.0050,0.6395,0.3444,0.0161,0.3331,0.6494,0.0176,0.9150,0.0818,0.0033,0.9513,0.0472,0.0014
658,0.6712,0.2876,0.0412,0.3828,0.5686,0.0486,0.8998,0.0885,0.0117,0.9461,0.0490,0.0050,0.6387,0.3452,0.0161,0.3322,0.6502,0.0176,0.9152,0.0816,0.0032,0.9514,0.0472,0.0014
659,0.6705,0.2883,0.0412,0.3819,0.5696,0.0485,0.9002,0.0882,0.0116,0.9462,0.0489,0.0049,0.6379,0.3459,0.0162,0.3314,0.6510,0.0176,0.9154,0.0813,0.0032,0.9514,0.0472,0.0014
660,0.6698,0.2890,0.0411,0.3811,0.5705,0.0484,0.9006,0.0879,0.0115,0.9463,0.0489,0.0049,0.6371,0.3467,0.0162,0.3306,0.6517,0.0176,0.9157,0.0811,0.0032,0.9515,0.0471,0.0014
661,0.6691,0.2898,0.0411,0.3802,0.5715,0.0483,0.9010,0.0876,0.0114,0.9464,0.0488,0.0048,0.6364,0.3474,0.0162,0.3298,0.6525,0.0176,0.9159,0.0809,0.0032,0.9515,0.0471,0.0014
662,0.6684,0.2905,0.0411,0.3793,0.5725,0.0482,0.9014,0.0873,0.0113,0.9465,0.0488,0.0048,0.6357,0.3482,0.0162,0.3291,0.6533,0.0176,0.9162,0.0807,0.0031,0.9516,0.0471,0.0014
663,0.6677,0.2912,0.0410,0.3785,0.5734,0.0481,0.9018,0.0870,0.0111,0.9466,0.0487,0.0047,0.6350,0.3489,0.0161,0.3283,0.6542,0.0175,0.9164,0.0804,0.0031,0.9516,0.0470,0.0014
664,0.6671,0.2919,0.0410,0.3776,0.5743,0.0481,0.9022,0.0867,0.0110,0.9467,0.0486,0.0047,0.6343,0.3496,0.0161,0.3276,0.6550,0.0174,0.9167,0.0802,0.0031,0.9517,0.0470,0.0014
665,0.6664,0.2926,0.0410,0.3768,0.5753,0.0480,0.9026,0.0864,0.0109,0.9467,0.0486,0.0047,0.6336,0.3504,0.0160,0.3269,0.6558,0.0173,0.9170,0.0800,0.0030,0.9517,0.0470,0.0013
666,0.6657,0.2933,0.0410,0.3759,0.5762,0.0479,0.9030,0.0861,0.0108,0.9468,0.0485,0.0046,0.6329,0.3511,0.0160,0.3262,0.6566,0.0173,0.9172,0.0798,0.0030,0.9518,0.0469,0.0013
667,0.6650,0.2941,0.0409,0.3751,0.5771,0.0478,0.9034,0.0859,0.0107,0.9469,0.0485,0.0046,0.6323,0.3518,0.0159,0.3255,0.6574,0.0172,0.9174,0.0796,0.0030,0.9518,0.0469,0.0013
668,0.6643,0.2948,0.0409,0.3742,0.5781,0.0477,0.9038,0.0856,0.0106,0.9470,0.0484,0.0045,0.6316,0.3526,0.0158,0.3247,0.6582,0.0171,0.9177,0.0794,0.0029,0.9519,0.0468,0.0013
669,0.6636,0.2955,0.0409,0.3734,0.5790,0.0476,0.9042,0.0853,0.0105,0.9471,0.0484,0.0045,0.6309,0.3533,0.0158,0.3240,0.6590,0.0170,0.9179,0.0792,0.0029,0.9519,0.0468,0.0013
670,0.6630,0.2962,0.0409,0.3726,0.5799,0.0475,0.9045,0.0850,0.0104,0.9472,0.0483,0.0045,0.6302,0.3540,0.0158,0.3233,0.6598,0.0170,0.9182,0.0789,0.0029,0.9519,0.0468,0.0013
671,0.6623,0.2969,0.0408,0.3718,0.5808,0.0474,0.9049,0.0848,0.0103,0.9473,0.0483,0.0044,0.6294,0.3548,0.0158,0.3225,0.6605,0.0170,0.9184,0.0787,0.0029,0.9520,0.0467,0.0013
672,0.6616,0.2976,0.0408,0.3709,0.5817,0.0474,0.9053,0.0845,0.0102,0.9474,0.0482,0.0044,0.6287,0.3555,0.0158,0.3217,0.6613,0.0170,0.9186,0.0785,0.0028,0.9520,0.0467,0.0013
673,0.6609,0.2983,0.0408,0.3701,0.5826,0.0473,0.9056,0.0842,0.0101,0.9475,0.0482,0.0043,0.6279,0.3563,0.0158,0.3210,0.6621,0.0170,0.9188,0.0783,0.0028,0.9521,0.0467,0.0012
674,0.6603,0.2990,0.0408,0.3693,0.5835,0.0472,0.9060,0.0840,0.0101,0.9475,0.0482,0.0043,0.6271,0.3570,0.0159,0.3202,0.6628,0.0170,0.9190,0.0781,0.0028,0.9521,0.0466,0.0012
675,0.6596,0.2997,0.0407,0.3685,0.5844,0.0471,0.9063,0.0837,0.0100,0.9476,0.0481,0.0043,0.6263,0.3577,0.0159,0.3194,0.6636,0.0170,0.9193,0.0779,0.0028,0.9521,0.0466,0.0012
676,0.6589,0.3003,0.0407,0.3677,0.5852,0.0470,0.9067,0.0835,0.0099,0.9477,0.0481,0.0042,0.6255,0.3585,0.0160,0.3186,0.6643,0.0171,0.9195,0.0777,0.0028,0.9522,0.0466,0.0012
677,0.6583,0.3010,0.0407,0.3669,0.5861,0.0469,0.9070,0.0832,0.0098,0.9478,0.0480,0.0042,0.6247,0.3592,0.0160,0.3178,0.6651,0.0171,0.9197,0.0776,0.0028,0.9522,0.0466,0.0012
678,0.6576,0.3017,0.0407,0.3661,0.5870,0.0469,0.9073,0.0830,0.0097,0.9479,0.0480,0.0042,0.6239,0.3600,0.0161,0.3170,0.6658,0.0171,0.9199,0.0774,0.0028,0.9523,0.0465,0.0012
679,0.6570,0.3024,0.0406,0.3654,0.5879,0.0468,0.9077,0.0827,0.0096,0.9479,0.0479,0.0041,0.6231,0.3607,0.0161,0.3162,0.6666,0.0172,0.9201,0.0772,0.0028,0.9523,0.0465,0.0012
680,0.6563,0.3031,0.0406,0.3646,0.5887,0.0467,0.9080,0.0825,0.0095,0.9480,0.0479,0.0041,0.6223,0.3615,0.0162,0.3154,0.6674,0.0172,0.9203,0.0770,0.0027,0.9523,0.0465,0.0012
681,0.6557,0.3038,0.0406,0.3638,0.5896,0.0466,0.9083,0.0822,0.0094,0.9481,0.0478,0.0041,0.6216,0.3623,0.0162,0.3147,0.6681,0.0172,0.9205,0.0768,0.0027,0.9524,0.0464,0.0012
682,0.6550,0.3044,0.0406,0.3630,0.5904,0.0465,0.9087,0.0820,0.0094,0.9482,0.0478,0.0040,0.6208,0.3630,0.0162,0.3139,0.6689,0.0172,0.9207,0.0766,0.0027,0.9524,0.0464,0.0012
683,0.6544,0.3051,0.0405,0.3623,0.5913,0.0465,0.9090,0.0818,0.0093,0.9482,0.0478,0.0040,0.6200,0.3638,0.0162,0.3131,0.6697,0.0172,0.9209,0.0764,0.0027,0.9524,0.0464,0.0012
684,0.6537,0.3058,0.0405,0.3615,0.5921,0.0464,0.9093,0.0815,0.0092,0.9483,0.0477,0.0040,0.6193,0.3645,0.0162,0.3124,0.6705,0.0171,0.9211,0.0762,0.0027,0.9525,0.0463,0.0012
685,0.6531,0.3065,0.0405,0.3607,0.5930,0.0463,0.9096,0.0813,0.0091,0.9484,0.0477,0.0039,0.6185,0.3653,0.0162,0.3116,0.6713,0.0171,0.9213,0.0761,0.0026,0.9525,0.0463,0.0012
686,0.6524,0.3071,0.0405,0.3600,0.5938,0.0462,0.9099,0.0811,0.0090,0.9485,0.0476,0.0039,0.6178,0.3661,0.0162,0.3109,0.6720,0.0171,0.9215,0.0759,0.0026,0.9526,0.0463,0.0012
687,0.6518,0.3078,0.0404,0.3592,0.5946,0.0461,0.9102,0.0808,0.0090,0.9485,0.0476,0.0039,0.6171,0.3668,0.0161,0.3102,0.6728,0.0170,0.9217,0.0757,0.0026,0.9526,0.0463,0.0012
688,0.6511,0.3085,0.0404,0.3585,0.5955,0.0461,0.9105,0.0806,0.0089,0.9486,0.0475,0.0038,0.6163,0.3676,0.0161,0.3094,0.6736,0.0170,0.9219,0.0755,0.0026,0.9526,0.0462,0.0011
689,0.6505,0.3091,0.0404,0.3577,0.5963,0.0460,0.9108,0.0804,0.0088,0.9487,0.0475,0.0038,0.6156,0.3683,0.0161,0.3087,0.6743,0.0169,0.9221,0.0753,0.0026,0.9527,0.0462,0.0011
690,0.6498,0.3097,0.0404,0.3570,0.5970,0.0460,0.9111,0.0802,0.0087,0.9487,0.0475,0.0038,0.6149,0.3691,0.0161,0.3080,0.6751,0.0169,0.9223,0.0752,0.0025,0.9527,0.0462,0.0011
691,0.6492,0.3104,0.0404,0.3562,0.5978,0.0460,0.9114,0.0800,0.0087,0.9488,0.0474,0.0038,0.6142,0.3698,0.0160,0.3073,0.6759,0.0169,0.9225,0.0750,0.0025,0.9527,0.0461,0.0011
692,0.6485,0.3110,0.0405,0.3555,0.5986,0.0460,0.9116,0.0797,0.0086,0.9489,0.0474,0.0037,0.6134,0.3705,0.0160,0.3066,0.6766,0.0168,0.9227,0.0748,0.0025,0.9528,0.0461,0.0011
693,0.6478,0.3117,0.0405,0.3547,0.5993,0.0459,0.9119,0.0795,0.0086,0.9489,0.0474,0.0037,0.6127,0.3713,0.0160,0.3059,0.6773,0.0168,0.9229,0.0747,0.0025,0.9528,0.0461,0.0011
694,0.6472,0.3123,0.0405,0.3540,0.6001,0.0459,0.9122,0.0793,0.0085,0.9490,0.0473,0.0037,0.6120,0.3720,0.0160,0.3052,0.6781,0.0168,0.9231,0.0745,0.0025,0.9528,0.0461,0.0011
695,0.6465,0.3129,0.0406,0.3533,0.6008,0.0459,0.9124,0.0791,0.0084,0.9490,0.0473,0.0037,0.6113,0.3727,0.0160,0.3045,0.6788,0.0167,0.9232,0.0743,0.0024,0.9529,0.0460,0.0011
696,0.6459,0.3135,0.0406,0.3525,0.6016,0.0459,0.9127,0.0789,0.0084,0.9491,0.0473,0.0037,0.6106,0.3734,0.0160,0.3038,0.6795,0.0167,0.9234,0.0742,0.0024,0.9529,0.0460,0.0011
697,0.6452,0.3142,0.0406,0.3518,0.6023,0.0459,0.9130,0.0787,0.0083,0.9492,0.0472,0.0036,0.6099,0.3741,0.0160,0.3031,0.6802,0.0167,0.9236,0.0740,0.0024,0.9529,0.0460,0.0011
698,0.6446,0.3148,0.0406,0.3511,0.6030,0.0459,0.9132,0.0785,0.0083,0.9492,0.0472,0.0036,0.6091,0.3748,0.0160,0.3024,0.6809,0.0167,0.9238,0.0738,0.0024,0.9530,0.0460,0.0011
699,0.6439,0.3154,0.0407,0.3504,0.6038,0.0458,0.9135,0.0783,0.0082,0.9493,0.0471,0.0036,0.6084,0.3756,0.0160,0.3017,0.6816,0.0167,0.9240,0.0737,0.0024,0.9530,0.0459,0.0011
700,0.6433,0.3160,0.0407,0.3497,0.6045,0.0458,0.9137,0.0781,0.0082,0.9493,0.0471,0.0036,0.6077,0.3763,0.0160,0.3010,0.6823,0.0167,0.9241,0.0735,0.0024,0.9530,0.0459,0.0011
