wavelength_nm,T_Ag 8 nm 연속막,R_Ag 8 nm 연속막,A_Ag 8 nm 연속막,T_Ag 15 nm 연속막,R_Ag 15 nm 연속막,A_Ag 15 nm 연속막,"T_Ag 8 nm 상당 island막 (MG, f=0.5, 16 nm)","R_Ag 8 nm 상당 island막 (MG, f=0.5, 16 nm)","A_Ag 8 nm 상당 island막 (MG, f=0.5, 16 nm)"
400,0.8601,0.1245,0.0154,0.6914,0.2833,0.0254,0.0693,0.7577,0.1730
401,0.8595,0.1250,0.0154,0.6900,0.2846,0.0254,0.0610,0.7641,0.1749
402,0.8590,0.1256,0.0154,0.6887,0.2860,0.0254,0.0532,0.7700,0.1768
403,0.8584,0.1261,0.0155,0.6873,0.2873,0.0253,0.0460,0.7752,0.1787
404,0.8579,0.1267,0.0155,0.6860,0.2887,0.0253,0.0395,0.7798,0.1808
405,0.8573,0.1272,0.0155,0.6846,0.2900,0.0253,0.0335,0.7836,0.1830
406,0.8567,0.1278,0.0155,0.6833,0.2914,0.0253,0.0281,0.7866,0.1853
407,0.8562,0.1283,0.0155,0.6819,0.2927,0.0253,0.0234,0.7887,0.1879
408,0.8556,0.1289,0.0155,0.6806,0.2941,0.0253,0.0193,0.7899,0.1909
409,0.8550,0.1294,0.0156,0.6792,0.2955,0.0253,0.0158,0.7899,0.1943
410,0.8544,0.1300,0.0156,0.6779,0.2968,0.0253,0.0129,0.7888,0.1984
411,0.8539,0.1306,0.0156,0.6765,0.2982,0.0253,0.0106,0.7862,0.2032
412,0.8533,0.1311,0.0156,0.6751,0.2996,0.0253,0.0089,0.7821,0.2089
413,0.8527,0.1317,0.0156,0.6738,0.3009,0.0253,0.0078,0.7764,0.2158
414,0.8522,0.1322,0.0155,0.6726,0.3023,0.0251,0.0072,0.7701,0.2227
415,0.8519,0.1328,0.0153,0.6715,0.3037,0.0248,0.0073,0.7624,0.2303
416,0.8515,0.1333,0.0152,0.6704,0.3051,0.0245,0.0082,0.7533,0.2385
417,0.8511,0.1339,0.0150,0.6693,0.3065,0.0242,0.0104,0.7436,0.2460
418,0.8507,0.1344,0.0148,0.6682,0.3079,0.0239,0.0143,0.7348,0.2509
419,0.8503,0.1350,0.0147,0.6671,0.3093,0.0236,0.0203,0.7288,0.2509
420,0.8499,0.1356,0.0145,0.6660,0.3107,0.0233,0.0283,0.7268,0.2449
421,0.8495,0.1361,0.0143,0.6649,0.3121,0.0230,0.0379,0.7286,0.2335
422,0.8491,0.1367,0.0142,0.6637,0.3136,0.0227,0.0482,0.7328,0.2190
423,0.8488,0.1373,0.0140,0.6626,0.3150,0.0224,0.0588,0.7374,0.2038
424,0.8484,0.1378,0.0138,0.6615,0.3164,0.0221,0.0693,0.7413,0.1895
425,0.8480,0.1384,0.0137,0.6604,0.3178,0.0218,0.0797,0.7436,0.1768
426,0.8476,0.1390,0.0135,0.6593,0.3192,0.0215,0.0901,0.7442,0.1657
427,0.8471,0.1395,0.0133,0.6581,0.3207,0.0212,0.1006,0.7433,0.1561
428,0.8467,0.1401,0.0131,0.6570,0.3221,0.0209,0.1112,0.7410,0.1478
429,0.8463,0.1407,0.0130,0.6559,0.3235,0.0206,0.1221,0.7375,0.1404
430,0.8459,0.1413,0.0128,0.6547,0.3250,0.0203,0.1331,0.7330,0.1339
431,0.8451,0.1422,0.0127,0.6527,0.3272,0.0202,0.1481,0.7246,0.1273
432,0.8437,0.1435,0.0128,0.6496,0.3302,0.0202,0.1673,0.7118,0.1210
433,0.8424,0.1448,0.0128,0.6466,0.3332,0.0201,0.1868,0.6978,0.1154
434,0.8410,0.1462,0.0128,0.6436,0.3363,0.0201,0.2066,0.6831,0.1104
435,0.8397,0.1475,0.0128,0.6405,0.3393,0.0201,0.2266,0.6677,0.1057
436,0.8383,0.1488,0.0129,0.6375,0.3424,0.0201,0.2466,0.6521,0.1013
437,0.8369,0.1502,0.0129,0.6345,0.3454,0.0201,0.2666,0.6362,0.0972
438,0.8355,0.1516,0.0129,0.6314,0.3485,0.0201,0.2864,0.6203,0.0933
439,0.8341,0.1529,0.0130,0.6284,0.3516,0.0201,0.3060,0.6044,0.0896
440,0.8327,0.1543,0.0130,0.6253,0.3546,0.0201,0.3253,0.5886,0.0860
441,0.8313,0.1557,0.0130,0.6222,0.3577,0.0201,0.3443,0.5731,0.0826
442,0.8298,0.1571,0.0130,0.6192,0.3608,0.0200,0.3629,0.5578,0.0794
443,0.8284,0.1585,0.0131,0.6161,0.3639,0.0200,0.3810,0.5428,0.0762
444,0.8270,0.1600,0.0131,0.6131,0.3669,0.0200,0.3987,0.5281,0.0732
445,0.8255,0.1614,0.0131,0.6100,0.3700,0.0200,0.4158,0.5138,0.0704
446,0.8240,0.1628,0.0131,0.6069,0.3731,0.0200,0.4325,0.4998,0.0676
447,0.8226,0.1643,0.0132,0.6038,0.3762,0.0199,0.4487,0.4863,0.0650
448,0.8211,0.1657,0.0132,0.6008,0.3793,0.0199,0.4643,0.4732,0.0625
449,0.8196,0.1672,0.0132,0.5977,0.3824,0.0199,0.4794,0.4605,0.0601
450,0.8181,0.1687,0.0132,0.5946,0.3855,0.0199,0.4940,0.4482,0.0578
451,0.8166,0.1701,0.0133,0.5917,0.3884,0.0199,0.5075,0.4367,0.0558
452,0.8158,0.1707,0.0134,0.5903,0.3896,0.0201,0.5152,0.4296,0.0552
453,0.8150,0.1714,0.0136,0.5888,0.3909,0.0203,0.5227,0.4227,0.0546
454,0.8143,0.1720,0.0137,0.5874,0.3921,0.0205,0.5301,0.4159,0.0540
455,0.8135,0.1726,0.0139,0.5860,0.3933,0.0207,0.5374,0.4092,0.0534
456,0.8127,0.1733,0.0141,0.5845,0.3945,0.0209,0.5444,0.4027,0.0529
457,0.8119,0.1739,0.0142,0.5831,0.3958,0.0211,0.5514,0.3963,0.0523
458,0.8111,0.1746,0.0144,0.5817,0.3970,0.0213,0.5582,0.3901,0.0517
459,0.8103,0.1752,0.0146,0.5802,0.3982,0.0215,0.5648,0.3840,0.0512
460,0.8094,0.1758,0.0147,0.5788,0.3994,0.0217,0.5713,0.3781,0.0506
461,0.8086,0.1765,0.0149,0.5774,0.4007,0.0220,0.5777,0.3723,0.0501
462,0.8078,0.1771,0.0150,0.5760,0.4019,0.0222,0.5839,0.3666,0.0495
463,0.8070,0.1778,0.0152,0.5745,0.4031,0.0224,0.5900,0.3610,0.0490
464,0.8062,0.1784,0.0153,0.5731,0.4043,0.0226,0.5960,0.3555,0.0484
465,0.8054,0.1791,0.0155,0.5717,0.4055,0.0228,0.6019,0.3502,0.0479
466,0.8046,0.1797,0.0157,0.5703,0.4068,0.0230,0.6076,0.3450,0.0474
467,0.8038,0.1804,0.0158,0.5689,0.4080,0.0232,0.6132,0.3399,0.0469
468,0.8030,0.1810,0.0160,0.5675,0.4092,0.0234,0.6187,0.3349,0.0464
469,0.8022,0.1817,0.0161,0.5661,0.4104,0.0236,0.6241,0.3301,0.0459
470,0.8014,0.1823,0.0163,0.5646,0.4116,0.0238,0.6293,0.3253,0.0454
471,0.8005,0.1830,0.0165,0.5632,0.4128,0.0239,0.6345,0.3207,0.0449
472,0.7996,0.1839,0.0165,0.5615,0.4144,0.0240,0.6405,0.3155,0.0440
473,0.7986,0.1848,0.0165,0.5597,0.4164,0.0240,0.6469,0.3102,0.0429
474,0.7976,0.1858,0.0165,0.5578,0.4183,0.0239,0.6532,0.3049,0.0418
475,0.7966,0.1868,0.0165,0.5559,0.4202,0.0239,0.6594,0.2998,0.0408
476,0.7957,0.1878,0.0166,0.5541,0.4221,0.0239,0.6653,0.2949,0.0398
477,0.7947,0.1888,0.0166,0.5522,0.4240,0.0238,0.6711,0.2900,0.0388
478,0.7936,0.1898,0.0166,0.5503,0.4259,0.0238,0.6768,0.2853,0.0379
479,0.7926,0.1908,0.0166,0.5485,0.4278,0.0237,0.6823,0.2808,0.0370
480,0.7916,0.1918,0.0166,0.5466,0.4297,0.0237,0.6876,0.2763,0.0361
481,0.7906,0.1928,0.0166,0.5447,0.4316,0.0237,0.6928,0.2720,0.0352
482,0.7896,0.1938,0.0166,0.5429,0.4335,0.0236,0.6979,0.2677,0.0344
483,0.7886,0.1948,0.0166,0.5410,0.4354,0.0236,0.7028,0.2636,0.0336
484,0.7876,0.1958,0.0166,0.5392,0.4373,0.0236,0.7076,0.2596,0.0328
485,0.7866,0.1968,0.0166,0.5373,0.4392,0.0235,0.7122,0.2557,0.0321
486,0.7855,0.1979,0.0166,0.5355,0.4411,0.0235,0.7168,0.2519,0.0313
487,0.7845,0.1989,0.0166,0.5336,0.4429,0.0234,0.7212,0.2482,0.0306
488,0.7835,0.1999,0.0166,0.5318,0.4448,0.0234,0.7255,0.2446,0.0299
489,0.7824,0.2009,0.0166,0.5300,0.4467,0.0233,0.7297,0.2411,0.0292
490,0.7814,0.2020,0.0166,0.5281,0.4486,0.0233,0.7338,0.2376,0.0286
491,0.7804,0.2030,0.0166,0.5263,0.4505,0.0233,0.7378,0.2343,0.0279
492,0.7793,0.2040,0.0166,0.5245,0.4523,0.0232,0.7417,0.2310,0.0273
493,0.7783,0.2051,0.0166,0.5226,0.4542,0.0232,0.7454,0.2278,0.0267
494,0.7773,0.2061,0.0166,0.5208,0.4561,0.0231,0.7491,0.2247,0.0261
495,0.7762,0.2072,0.0166,0.5190,0.4579,0.0231,0.7527,0.2217,0.0256
496,0.7752,0.2082,0.0166,0.5172,0.4598,0.0231,0.7562,0.2188,0.0250
497,0.7742,0.2092,0.0166,0.5155,0.4615,0.0230,0.7595,0.2160,0.0245
498,0.7733,0.2101,0.0166,0.5139,0.4631,0.0230,0.7626,0.2133,0.0240
499,0.7723,0.2111,0.0166,0.5122,0.4648,0.0229,0.7657,0.2107,0.0235
500,0.7713,0.2120,0.0166,0.5106,0.4665,0.0229,0.7688,0.2082,0.0231
501,0.7704,0.2130,0.0166,0.5090,0.4682,0.0228,0.7717,0.2056,0.0226
502,0.7694,0.2140,0.0166,0.5073,0.4699,0.0228,0.7746,0.2032,0.0222
503,0.7684,0.2149,0.0166,0.5057,0.4715,0.0228,0.7775,0.2008,0.0217
504,0.7675,0.2159,0.0166,0.5041,0.4732,0.0227,0.7802,0.1985,0.0213
505,0.7665,0.2169,0.0166,0.5024,0.4749,0.0227,0.7829,0.1962,0.0209
506,0.7655,0.2178,0.0166,0.5008,0.4765,0.0226,0.7856,0.1939,0.0205
507,0.7645,0.2188,0.0166,0.4992,0.4782,0.0226,0.7881,0.1918,0.0201
508,0.7636,0.2198,0.0166,0.4976,0.4799,0.0225,0.7907,0.1896,0.0197
509,0.7626,0.2208,0.0166,0.4960,0.4815,0.0225,0.7931,0.1875,0.0194
510,0.7616,0.2218,0.0166,0.4944,0.4832,0.0225,0.7955,0.1855,0.0190
511,0.7606,0.2227,0.0166,0.4928,0.4848,0.0224,0.7979,0.1835,0.0186
512,0.7597,0.2237,0.0166,0.4912,0.4865,0.0224,0.8002,0.1815,0.0183
513,0.7587,0.2247,0.0166,0.4896,0.4881,0.0223,0.8025,0.1796,0.0180
514,0.7577,0.2257,0.0166,0.4880,0.4898,0.0223,0.8047,0.1777,0.0176
515,0.7567,0.2267,0.0166,0.4864,0.4914,0.0222,0.8068,0.1759,0.0173
516,0.7557,0.2277,0.0166,0.4848,0.4930,0.0222,0.8089,0.1741,0.0170
517,0.7547,0.2287,0.0166,0.4832,0.4947,0.0221,0.8110,0.1723,0.0167
518,0.7537,0.2297,0.0166,0.4816,0.4963,0.0221,0.8131,0.1706,0.0164
519,0.7527,0.2307,0.0166,0.4800,0.4979,0.0221,0.8150,0.1689,0.0161
520,0.7517,0.2317,0.0166,0.4784,0.4995,0.0220,0.8170,0.1672,0.0158
521,0.7507,0.2326,0.0166,0.4769,0.5011,0.0220,0.8189,0.1656,0.0156
522,0.7498,0.2335,0.0167,0.4755,0.5024,0.0221,0.8205,0.1641,0.0154
523,0.7488,0.2343,0.0168,0.4741,0.5037,0.0222,0.8221,0.1627,0.0153
524,0.7479,0.2352,0.0169,0.4727,0.5050,0.0223,0.8236,0.1612,0.0151
525,0.7469,0.2360,0.0171,0.4713,0.5063,0.0224,0.8251,0.1598,0.0150
526,0.7460,0.2369,0.0172,0.4699,0.5076,0.0225,0.8266,0.1585,0.0149
527,0.7450,0.2377,0.0173,0.4685,0.5089,0.0226,0.8281,0.1571,0.0147
528,0.7441,0.2385,0.0174,0.4671,0.5102,0.0228,0.8296,0.1558,0.0146
529,0.7431,0.2394,0.0175,0.4657,0.5115,0.0229,0.8310,0.1545,0.0145
530,0.7421,0.2402,0.0176,0.4643,0.5127,0.0230,0.8324,0.1532,0.0144
531,0.7412,0.2411,0.0177,0.4629,0.5140,0.0231,0.8338,0.1520,0.0142
532,0.7402,0.2419,0.0178,0.4615,0.5153,0.0232,0.8351,0.1508,0.0141
533,0.7393,0.2428,0.0179,0.4602,0.5166,0.0233,0.8365,0.1496,0.0140
534,0.7383,0.2436,0.0181,0.4588,0.5178,0.0234,0.8378,0.1484,0.0139
535,0.7373,0.2445,0.0182,0.4574,0.5191,0.0235,0.8391,0.1472,0.0138
536,0.7364,0.2453,0.0183,0.4561,0.5203,0.0236,0.8403,0.1461,0.0136
537,0.7354,0.2462,0.0184,0.4547,0.5216,0.0237,0.8416,0.1449,0.0135
538,0.7345,0.2471,0.0185,0.4533,0.5229,0.0238,0.8428,0.1438,0.0134
539,0.7335,0.2479,0.0186,0.4520,0.5241,0.0239,0.8440,0.1427,0.0133
540,0.7325,0.2488,0.0187,0.4506,0.5254,0.0240,0.8452,0.1417,0.0132
541,0.7316,0.2496,0.0188,0.4493,0.5266,0.0241,0.8463,0.1406,0.0131
542,0.7306,0.2505,0.0189,0.4479,0.5278,0.0242,0.8475,0.1396,0.0130
543,0.7296,0.2513,0.0190,0.4466,0.5291,0.0243,0.8486,0.1385,0.0129
544,0.7287,0.2522,0.0191,0.4453,0.5303,0.0244,0.8497,0.1375,0.0127
545,0.7277,0.2530,0.0192,0.4439,0.5316,0.0245,0.8508,0.1366,0.0126
546,0.7267,0.2539,0.0193,0.4426,0.5328,0.0246,0.8519,0.1356,0.0125
547,0.7258,0.2548,0.0195,0.4413,0.5340,0.0247,0.8529,0.1346,0.0124
548,0.7248,0.2556,0.0196,0.4400,0.5352,0.0248,0.8540,0.1337,0.0123
549,0.7238,0.2566,0.0196,0.4386,0.5366,0.0248,0.8551,0.1327,0.0122
550,0.7229,0.2576,0.0195,0.4372,0.5382,0.0246,0.8563,0.1317,0.0119
551,0.7219,0.2587,0.0194,0.4357,0.5398,0.0244,0.8576,0.1308,0.0117
552,0.7210,0.2597,0.0193,0.4343,0.5414,0.0243,0.8588,0.1298,0.0114
553,0.7200,0.2608,0.0192,0.4329,0.5430,0.0241,0.8599,0.1289,0.0112
554,0.7191,0.2619,0.0191,0.4315,0.5446,0.0239,0.8611,0.1279,0.0110
555,0.7181,0.2629,0.0190,0.4301,0.5462,0.0237,0.8622,0.1270,0.0108
556,0.7171,0.2640,0.0189,0.4286,0.5478,0.0236,0.8633,0.1261,0.0106
557,0.7162,0.2651,0.0188,0.4272,0.5494,0.0234,0.8644,0.1252,0.0103
558,0.7152,0.2661,0.0187,0.4258,0.5510,0.0232,0.8655,0.1244,0.0101
559,0.7142,0.2672,0.0186,0.4244,0.5525,0.0230,0.8666,0.1235,0.0099
560,0.7133,0.2683,0.0184,0.4230,0.5541,0.0229,0.8676,0.1227,0.0097
561,0.7123,0.2694,0.0183,0.4216,0.5557,0.0227,0.8686,0.1218,0.0095
562,0.7113,0.2704,0.0182,0.4202,0.5572,0.0225,0.8696,0.1210,0.0094
563,0.7104,0.2715,0.0181,0.4189,0.5588,0.0224,0.8706,0.1202,0.0092
564,0.7094,0.2726,0.0180,0.4175,0.5603,0.0222,0.8716,0.1194,0.0090
565,0.7084,0.2737,0.0179,0.4161,0.5619,0.0220,0.8725,0.1187,0.0088
566,0.7074,0.2747,0.0178,0.4147,0.5634,0.0219,0.8734,0.1179,0.0086
567,0.7065,0.2758,0.0177,0.4133,0.5650,0.0217,0.8744,0.1172,0.0085
568,0.7055,0.2769,0.0176,0.4120,0.5665,0.0215,0.8753,0.1164,0.0083
569,0.7045,0.2780,0.0175,0.4106,0.5680,0.0214,0.8762,0.1157,0.0081
570,0.7035,0.2791,0.0174,0.4092,0.5696,0.0212,0.8770,0.1150,0.0080
571,0.7025,0.2802,0.0173,0.4079,0.5711,0.0210,0.8779,0.1143,0.0078
572,0.7016,0.2813,0.0172,0.4065,0.5726,0.0209,0.8787,0.1136,0.0077
573,0.7006,0.2823,0.0171,0.4052,0.5741,0.0207,0.8796,0.1129,0.0075
574,0.6996,0.2834,0.0170,0.4038,0.5756,0.0205,0.8804,0.1122,0.0074
575,0.6986,0.2845,0.0169,0.4025,0.5772,0.0204,0.8812,0.1116,0.0072
576,0.6976,0.2856,0.0168,0.4011,0.5787,0.0202,0.8820,0.1109,0.0071
577,0.6966,0.2867,0.0167,0.3998,0.5802,0.0200,0.8827,0.1103,0.0070
578,0.6956,0.2878,0.0166,0.3985,0.5817,0.0199,0.8835,0.1097,0.0068
579,0.6947,0.2889,0.0165,0.3971,0.5831,0.0197,0.8843,0.1090,0.0067
580,0.6937,0.2900,0.0164,0.3958,0.5846,0.0196,0.8850,0.1084,0.0066
581,0.6927,0.2911,0.0163,0.3945,0.5861,0.0194,0.8857,0.1078,0.0064
582,0.6917,0.2922,0.0161,0.3932,0.5876,0.0192,0.8865,0.1072,0.0063
583,0.6911,0.2927,0.0162,0.3925,0.5882,0.0193,0.8869,0.1068,0.0063
584,0.6906,0.2931,0.0163,0.3919,0.5887,0.0194,0.8874,0.1063,0.0063
585,0.6901,0.2935,0.0164,0.3914,0.5892,0.0195,0.8878,0.1059,0.0063
586,0.6896,0.2939,0.0164,0.3908,0.5897,0.0195,0.8883,0.1055,0.0062
587,0.6891,0.2944,0.0165,0.3902,0.5902,0.0196,0.8887,0.1051,0.0062
588,0.6886,0.2948,0.0166,0.3896,0.5907,0.0197,0.8891,0.1047,0.0062
589,0.6881,0.2952,0.0167,0.3890,0.5912,0.0198,0.8896,0.1043,0.0062
590,0.6876,0.2957,0.0168,0.3885,0.5917,0.0198,0.8900,0.1039,0.0062
591,0.6871,0.2961,0.0168,0.3879,0.5922,0.0199,0.8904,0.1035,0.0061
592,0.6866,0.2965,0.0169,0.3873,0.5927,0.0200,0.8908,0.1031,0.0061
593,0.6861,0.2969,0.0170,0.3868,0.5932,0.0201,0.8912,0.1027,0.0061
594,0.6856,0.2974,0.0171,0.3862,0.5937,0.0201,0.8916,0.1023,0.0061
595,0.6851,0.2978,0.0171,0.3856,0.5942,0.0202,0.8920,0.1019,0.0061
596,0.6846,0.2982,0.0172,0.3850,0.5947,0.0203,0.8924,0.1015,0.0060
597,0.6841,0.2986,0.0173,0.3845,0.5952,0.0204,0.8928,0.1011,0.0060
598,0.6835,0.2991,0.0174,0.3839,0.5957,0.0204,0.8932,0.1008,0.0060
599,0.6830,0.2995,0.0175,0.3833,0.5961,0.0205,0.8936,0.1004,0.0060
600,0.6825,0.2999,0.0175,0.3828,0.5966,0.0206,0.8940,0.1000,0.0060
601,0.6820,0.3004,0.0176,0.3822,0.5971,0.0207,0.8944,0.0997,0.0059
602,0.6815,0.3008,0.0177,0.3816,0.5976,0.0207,0.8948,0.0993,0.0059
603,0.6810,0.3012,0.0178,0.3811,0.5981,0.0208,0.8951,0.0990,0.0059
604,0.6805,0.3016,0.0178,0.3805,0.5986,0.0209,0.8955,0.0986,0.0059
605,0.6800,0.3021,0.0179,0.3800,0.5991,0.0210,0.8959,0.0983,0.0059
606,0.6795,0.3025,0.0180,0.3794,0.5996,0.0210,0.8963,0.0979,0.0058
607,0.6790,0.3029,0.0181,0.3788,0.6001,0.0211,0.8966,0.0976,0.0058
608,0.6785,0.3034,0.0181,0.3783,0.6006,0.0212,0.8970,0.0972,0.0058
609,0.6780,0.3038,0.0182,0.3777,0.6010,0.0212,0.8973,0.0969,0.0058
610,0.6775,0.3042,0.0183,0.3772,0.6015,0.0213,0.8977,0.0966,0.0058
611,0.6770,0.3046,0.0184,0.3766,0.6020,0.0214,0.8980,0.0962,0.0057
612,0.6765,0.3051,0.0184,0.3760,0.6025,0.0214,0.8984,0.0959,0.0057
613,0.6760,0.3055,0.0185,0.3755,0.6030,0.0215,0.8987,0.0956,0.0057
614,0.6755,0.3059,0.0186,0.3749,0.6035,0.0216,0.8991,0.0953,0.0057
615,0.6750,0.3064,0.0187,0.3744,0.6040,0.0217,0.8994,0.0949,0.0057
616,0.6745,0.3068,0.0187,0.3738,0.6044,0.0217,0.8997,0.0946,0.0056
617,0.6740,0.3073,0.0188,0.3732,0.6050,0.0218,0.9001,0.0943,0.0056
618,0.6734,0.3080,0.0187,0.3725,0.6059,0.0216,0.9005,0.0939,0.0055
619,0.6728,0.3086,0.0186,0.3717,0.6068,0.0215,0.9009,0.0936,0.0055
620,0.6722,0.3093,0.0185,0.3710,0.6076,0.0214,0.9014,0.0933,0.0054
621,0.6716,0.3100,0.0184,0.3702,0.6085,0.0213,0.9018,0.0929,0.0053
622,0.6710,0.3107,0.0184,0.3695,0.6094,0.0211,0.9022,0.0926,0.0052
623,0.6704,0.3114,0.0183,0.3688,0.6102,0.0210,0.9026,0.0922,0.0052
624,0.6698,0.3121,0.0182,0.3680,0.6111,0.0209,0.9030,0.0919,0.0051
625,0.6692,0.3127,0.0181,0.3673,0.6119,0.0208,0.9034,0.0916,0.0050
626,0.6686,0.3134,0.0180,0.3665,0.6128,0.0207,0.9038,0.0913,0.0050
627,0.6680,0.3141,0.0179,0.3658,0.6137,0.0205,0.9041,0.0909,0.0049
628,0.6674,0.3148,0.0178,0.3651,0.6145,0.0204,0.9045,0.0906,0.0048
629,0.6668,0.3155,0.0178,0.3643,0.6154,0.0203,0.9049,0.0903,0.0048
630,0.6662,0.3162,0.0177,0.3636,0.6162,0.0202,0.9053,0.0900,0.0047
631,0.6656,0.3169,0.0176,0.3629,0.6171,0.0201,0.9057,0.0897,0.0047
632,0.6650,0.3175,0.0175,0.3621,0.6179,0.0199,0.9060,0.0894,0.0046
633,0.6643,0.3182,0.0174,0.3614,0.6188,0.0198,0.9064,0.0891,0.0045
634,0.6637,0.3189,0.0173,0.3607,0.6196,0.0197,0.9067,0.0888,0.0045
635,0.6631,0.3196,0.0173,0.3599,0.6205,0.0196,0.9071,0.0885,0.0044
636,0.6625,0.3203,0.0172,0.3592,0.6213,0.0195,0.9074,0.0882,0.0044
637,0.6619,0.3210,0.0171,0.3585,0.6221,0.0194,0.9078,0.0879,0.0043
638,0.6613,0.3217,0.0170,0.3578,0.6230,0.0192,0.9081,0.0876,0.0042
639,0.6607,0.3224,0.0169,0.3571,0.6238,0.0191,0.9085,0.0873,0.0042
640,0.6601,0.3230,0.0168,0.3563,0.6247,0.0190,0.9088,0.0871,0.0041
641,0.6595,0.3237,0.0167,0.3556,0.6255,0.0189,0.9091,0.0868,0.0041
642,0.6589,0.3244,0.0167,0.3549,0.6263,0.0188,0.9095,0.0865,0.0040
643,0.6583,0.3251,0.0166,0.3542,0.6271,0.0187,0.9098,0.0862,0.0040
644,0.6577,0.3258,0.0165,0.3535,0.6280,0.0186,0.9101,0.0860,0.0039
645,0.6571,0.3265,0.0164,0.3528,0.6288,0.0184,0.9104,0.0857,0.0039
646,0.6565,0.3272,0.0163,0.3521,0.6296,0.0183,0.9108,0.0854,0.0038
647,0.6559,0.3279,0.0162,0.3513,0.6304,0.0182,0.9111,0.0852,0.0038
648,0.6553,0.3285,0.0162,0.3506,0.6313,0.0181,0.9114,0.0849,0.0037
649,0.6547,0.3292,0.0161,0.3499,0.6321,0.0180,0.9117,0.0846,0.0037
650,0.6541,0.3299,0.0160,0.3492,0.6329,0.0179,0.9120,0.0844,0.0036
651,0.6535,0.3306,0.0159,0.3485,0.6337,0.0178,0.9123,0.0841,0.0036
652,0.6529,0.3313,0.0158,0.3478,0.6345,0.0176,0.9126,0.0839,0.0035
653,0.6523,0.3320,0.0157,0.3471,0.6354,0.0175,0.9129,0.0836,0.0035
654,0.6517,0.3327,0.0157,0.3464,0.6362,0.0174,0.9132,0.0834,0.0034
655,0.6511,0.3334,0.0156,0.3457,0.6370,0.0173,0.9135,0.0832,0.0034
656,0.6505,0.3341,0.0155,0.3450,0.6378,0.0172,0.9138,0.0829,0.0033
657,0.6498,0.3347,0.0154,0.3443,0.6386,0.0171,0.9140,0.0827,0.0033
658,0.6492,0.3354,0.0153,0.3436,0.6394,0.0170,0.9143,0.0824,0.0032
659,0.6486,0.3361,0.0153,0.3429,0.6402,0.0169,0.9146,0.0822,0.0032
660,0.6480,0.3368,0.0152,0.3422,0.6410,0.0168,0.9149,0.0820,0.0032
661,0.6473,0.3376,0.0151,0.3415,0.6419,0.0167,0.9151,0.0817,0.0031
662,0.6467,0.3383,0.0150,0.3407,0.6427,0.0166,0.9154,0.0815,0.0031
663,0.6460,0.3390,0.0149,0.3400,0.6436,0.0165,0.9157,0.0813,0.0030
664,0.6454,0.3398,0.0149,0.3393,0.6444,0.0163,0.9160,0.0810,0.0030
665,0.6447,0.3405,0.0148,0.3385,0.6452,0.0162,0.9162,0.0808,0.0030
666,0.6441,0.3412,0.0147,0.3378,0.6461,0.0161,0.9165,0.0806,0.0029
667,0.6434,0.3420,0.0146,0.3370,0.6469,0.0160,0.9167,0.0804,0.0029
668,0.6428,0.3427,0.0145,0.3363,0.6478,0.0159,0.9170,0.0801,0.0028
669,0.6421,0.3434,0.0145,0.3356,0.6486,0.0158,0.9173,0.0799,0.0028
670,0.6414,0.3442,0.0144,0.3349,0.6494,0.0157,0.9175,0.0797,0.0028
671,0.6408,0.3449,0.0143,0.3341,0.6503,0.0156,0.9178,0.0795,0.0027
672,0.6401,0.3456,0.0142,0.3334,0.6511,0.0155,0.9180,0.0793,0.0027
673,0.6395,0.3464,0.0142,0.3327,0.6519,0.0154,0.9183,0.0791,0.0027
674,0.6388,0.3471,0.0141,0.3320,0.6527,0.0153,0.9185,0.0789,0.0026
675,0.6382,0.3478,0.0140,0.3312,0.6536,0.0152,0.9187,0.0787,0.0026
676,0.6375,0.3486,0.0139,0.3305,0.6544,0.0151,0.9190,0.0785,0.0026
677,0.6368,0.3493,0.0138,0.3298,0.6552,0.0150,0.9192,0.0783,0.0025
678,0.6362,0.3500,0.0138,0.3291,0.6560,0.0149,0.9195,0.0781,0.0025
679,0.6355,0.3508,0.0137,0.3284,0.6568,0.0148,0.9197,0.0779,0.0025
680,0.6349,0.3515,0.0136,0.3277,0.6576,0.0147,0.9199,0.0777,0.0024
681,0.6342,0.3522,0.0135,0.3269,0.6584,0.0146,0.9201,0.0775,0.0024
682,0.6336,0.3530,0.0135,0.3262,0.6593,0.0145,0.9204,0.0773,0.0024
683,0.6329,0.3537,0.0134,0.3255,0.6601,0.0144,0.9206,0.0771,0.0023
684,0.6323,0.3544,0.0133,0.3248,0.6609,0.0143,0.9208,0.0769,0.0023
685,0.6316,0.3552,0.0132,0.3241,0.6617,0.0142,0.9210,0.0767,0.0023
686,0.6309,0.3559,0.0132,0.3234,0.6625,0.0141,0.9212,0.0765,0.0022
687,0.6303,0.3566,0.0131,0.3227,0.6633,0.0140,0.9215,0.0763,0.0022
688,0.6296,0.3574,0.0130,0.3220,0.6641,0.0139,0.9217,0.0761,0.0022
689,0.6290,0.3581,0.0129,0.3213,0.6649,0.0138,0.9219,0.0760,0.0022
690,0.6283,0.3588,0.0128,0.3206,0.6656,0.0137,0.9221,0.0758,0.0021
691,0.6277,0.3596,0.0128,0.3199,0.6664,0.0136,0.9223,0.0756,0.0021
692,0.6270,0.3603,0.0127,0.3192,0.6672,0.0135,0.9225,0.0754,0.0021
693,0.6263,0.3610,0.0126,0.3185,0.6680,0.0134,0.9227,0.0752,0.0020
694,0.6257,0.3618,0.0125,0.3179,0.6688,0.0133,0.9229,0.0751,0.0020
695,0.6250,0.3625,0.0125,0.3172,0.6696,0.0132,0.9231,0.0749,0.0020
696,0.6244,0.3632,0.0124,0.3165,0.6704,0.0132,0.9233,0.0747,0.0020
697,0.6237,0.3640,0.0123,0.3158,0.6711,0.0131,0.9235,0.0746,0.0019
698,0.6231,0.3647,0.0122,0.3151,0.6719,0.0130,0.9237,0.0744,0.0019
699,0.6224,0.3654,0.0122,0.3144,0.6727,0.0129,0.9239,0.0742,0.0019
700,0.6218,0.3662,0.0121,0.3137,0.6735,0.0128,0.9241,0.0741,0.0019
