wavelength_nm,T_abs_8nm,T_rel_8nm,T_abs_15nm,T_rel_15nm
400,0.8601,0.8983,0.6914,0.7221
401,0.8595,0.8978,0.6900,0.7207
402,0.8590,0.8972,0.6887,0.7193
403,0.8584,0.8966,0.6873,0.7179
404,0.8579,0.8960,0.6860,0.7165
405,0.8573,0.8954,0.6846,0.7151
406,0.8567,0.8948,0.6833,0.7137
407,0.8562,0.8942,0.6819,0.7123
408,0.8556,0.8936,0.6806,0.7109
409,0.8550,0.8930,0.6792,0.7094
410,0.8544,0.8924,0.6779,0.7080
411,0.8539,0.8918,0.6765,0.7066
412,0.8533,0.8912,0.6751,0.7052
413,0.8527,0.8906,0.6738,0.7037
414,0.8522,0.8902,0.6726,0.7025
415,0.8519,0.8898,0.6715,0.7014
416,0.8515,0.8894,0.6704,0.7002
417,0.8511,0.8890,0.6693,0.6991
418,0.8507,0.8885,0.6682,0.6979
419,0.8503,0.8881,0.6671,0.6968
420,0.8499,0.8877,0.6660,0.6956
421,0.8495,0.8873,0.6649,0.6944
422,0.8491,0.8869,0.6637,0.6933
423,0.8488,0.8865,0.6626,0.6921
424,0.8484,0.8861,0.6615,0.6909
425,0.8480,0.8857,0.6604,0.6898
426,0.8476,0.8852,0.6593,0.6886
427,0.8471,0.8848,0.6581,0.6874
428,0.8467,0.8844,0.6570,0.6862
429,0.8463,0.8840,0.6559,0.6850
430,0.8459,0.8835,0.6547,0.6839
431,0.8451,0.8826,0.6527,0.6817
432,0.8437,0.8812,0.6496,0.6785
433,0.8424,0.8798,0.6466,0.6754
434,0.8410,0.8784,0.6436,0.6722
435,0.8397,0.8770,0.6405,0.6690
436,0.8383,0.8756,0.6375,0.6659
437,0.8369,0.8741,0.6345,0.6627
438,0.8355,0.8727,0.6314,0.6595
439,0.8341,0.8712,0.6284,0.6563
440,0.8327,0.8697,0.6253,0.6531
441,0.8313,0.8682,0.6222,0.6499
442,0.8298,0.8667,0.6192,0.6467
443,0.8284,0.8652,0.6161,0.6435
444,0.8270,0.8637,0.6131,0.6403
445,0.8255,0.8622,0.6100,0.6371
446,0.8240,0.8607,0.6069,0.6339
447,0.8226,0.8591,0.6038,0.6307
448,0.8211,0.8576,0.6008,0.6275
449,0.8196,0.8560,0.5977,0.6243
450,0.8181,0.8545,0.5946,0.6211
451,0.8166,0.8530,0.5917,0.6180
452,0.8158,0.8521,0.5903,0.6165
453,0.8150,0.8513,0.5888,0.6150
454,0.8143,0.8505,0.5874,0.6135
455,0.8135,0.8496,0.5860,0.6120
456,0.8127,0.8488,0.5845,0.6105
457,0.8119,0.8480,0.5831,0.6090
458,0.8111,0.8471,0.5817,0.6075
459,0.8103,0.8463,0.5802,0.6060
460,0.8094,0.8454,0.5788,0.6046
461,0.8086,0.8446,0.5774,0.6031
462,0.8078,0.8438,0.5760,0.6016
463,0.8070,0.8429,0.5745,0.6001
464,0.8062,0.8421,0.5731,0.5986
465,0.8054,0.8412,0.5717,0.5971
466,0.8046,0.8404,0.5703,0.5956
467,0.8038,0.8395,0.5689,0.5942
468,0.8030,0.8387,0.5675,0.5927
469,0.8022,0.8378,0.5661,0.5912
470,0.8014,0.8370,0.5646,0.5898
471,0.8005,0.8361,0.5632,0.5883
472,0.7996,0.8352,0.5615,0.5865
473,0.7986,0.8342,0.5597,0.5846
474,0.7976,0.8331,0.5578,0.5826
475,0.7966,0.8321,0.5559,0.5806
476,0.7957,0.8310,0.5541,0.5787
477,0.7947,0.8300,0.5522,0.5767
478,0.7936,0.8289,0.5503,0.5748
479,0.7926,0.8279,0.5485,0.5728
480,0.7916,0.8268,0.5466,0.5709
481,0.7906,0.8258,0.5447,0.5690
482,0.7896,0.8247,0.5429,0.5670
483,0.7886,0.8237,0.5410,0.5651
484,0.7876,0.8226,0.5392,0.5631
485,0.7866,0.8215,0.5373,0.5612
486,0.7855,0.8205,0.5355,0.5593
487,0.7845,0.8194,0.5336,0.5574
488,0.7835,0.8183,0.5318,0.5554
489,0.7824,0.8172,0.5300,0.5535
490,0.7814,0.8162,0.5281,0.5516
491,0.7804,0.8151,0.5263,0.5497
492,0.7793,0.8140,0.5245,0.5478
493,0.7783,0.8129,0.5226,0.5459
494,0.7773,0.8118,0.5208,0.5440
495,0.7762,0.8107,0.5190,0.5421
496,0.7752,0.8096,0.5172,0.5402
497,0.7742,0.8086,0.5155,0.5385
498,0.7733,0.8076,0.5139,0.5367
499,0.7723,0.8066,0.5122,0.5350
500,0.7713,0.8056,0.5106,0.5333
501,0.7704,0.8046,0.5090,0.5316
502,0.7694,0.8036,0.5073,0.5299
503,0.7684,0.8026,0.5057,0.5282
504,0.7675,0.8016,0.5041,0.5265
505,0.7665,0.8006,0.5024,0.5248
506,0.7655,0.7996,0.5008,0.5231
507,0.7645,0.7986,0.4992,0.5214
508,0.7636,0.7975,0.4976,0.5197
509,0.7626,0.7965,0.4960,0.5180
510,0.7616,0.7955,0.4944,0.5163
511,0.7606,0.7945,0.4928,0.5147
512,0.7597,0.7934,0.4912,0.5130
513,0.7587,0.7924,0.4896,0.5113
514,0.7577,0.7914,0.4880,0.5097
515,0.7567,0.7904,0.4864,0.5080
516,0.7557,0.7893,0.4848,0.5063
517,0.7547,0.7883,0.4832,0.5047
518,0.7537,0.7872,0.4816,0.5030
519,0.7527,0.7862,0.4800,0.5014
520,0.7517,0.7852,0.4784,0.4997
521,0.7507,0.7841,0.4769,0.4981
522,0.7498,0.7831,0.4755,0.4966
523,0.7488,0.7821,0.4741,0.4951
524,0.7479,0.7811,0.4727,0.4937
525,0.7469,0.7801,0.4713,0.4922
526,0.7460,0.7792,0.4699,0.4908
527,0.7450,0.7782,0.4685,0.4893
528,0.7441,0.7772,0.4671,0.4878
529,0.7431,0.7762,0.4657,0.4864
530,0.7421,0.7751,0.4643,0.4849
531,0.7412,0.7741,0.4629,0.4835
532,0.7402,0.7731,0.4615,0.4821
533,0.7393,0.7721,0.4602,0.4806
534,0.7383,0.7711,0.4588,0.4792
535,0.7373,0.7701,0.4574,0.4778
536,0.7364,0.7691,0.4561,0.4763
537,0.7354,0.7681,0.4547,0.4749
538,0.7345,0.7671,0.4533,0.4735
539,0.7335,0.7661,0.4520,0.4721
540,0.7325,0.7651,0.4506,0.4707
541,0.7316,0.7641,0.4493,0.4693
542,0.7306,0.7631,0.4479,0.4679
543,0.7296,0.7621,0.4466,0.4665
544,0.7287,0.7611,0.4453,0.4651
545,0.7277,0.7601,0.4439,0.4637
546,0.7267,0.7591,0.4426,0.4623
547,0.7258,0.7581,0.4413,0.4609
548,0.7248,0.7570,0.4400,0.4595
549,0.7238,0.7560,0.4386,0.4581
550,0.7229,0.7550,0.4372,0.4566
551,0.7219,0.7540,0.4357,0.4551
552,0.7210,0.7530,0.4343,0.4536
553,0.7200,0.7520,0.4329,0.4521
554,0.7191,0.7510,0.4315,0.4507
555,0.7181,0.7500,0.4301,0.4492
556,0.7171,0.7490,0.4286,0.4477
557,0.7162,0.7480,0.4272,0.4462
558,0.7152,0.7470,0.4258,0.4448
559,0.7142,0.7460,0.4244,0.4433
560,0.7133,0.7450,0.4230,0.4418
561,0.7123,0.7440,0.4216,0.4404
562,0.7113,0.7430,0.4202,0.4389
563,0.7104,0.7419,0.4189,0.4375
564,0.7094,0.7409,0.4175,0.4360
565,0.7084,0.7399,0.4161,0.4346
566,0.7074,0.7389,0.4147,0.4332
567,0.7065,0.7379,0.4133,0.4317
568,0.7055,0.7368,0.4120,0.4303
569,0.7045,0.7358,0.4106,0.4289
570,0.7035,0.7348,0.4092,0.4274
571,0.7025,0.7338,0.4079,0.4260
572,0.7016,0.7328,0.4065,0.4246
573,0.7006,0.7317,0.4052,0.4232
574,0.6996,0.7307,0.4038,0.4218
575,0.6986,0.7297,0.4025,0.4204
576,0.6976,0.7286,0.4011,0.4190
577,0.6966,0.7276,0.3998,0.4176
578,0.6956,0.7266,0.3985,0.4162
579,0.6947,0.7255,0.3971,0.4148
580,0.6937,0.7245,0.3958,0.4134
581,0.6927,0.7235,0.3945,0.4120
582,0.6917,0.7224,0.3932,0.4107
583,0.6911,0.7219,0.3925,0.4100
584,0.6906,0.7213,0.3919,0.4094
585,0.6901,0.7208,0.3914,0.4088
586,0.6896,0.7203,0.3908,0.4082
587,0.6891,0.7198,0.3902,0.4076
588,0.6886,0.7192,0.3896,0.4069
589,0.6881,0.7187,0.3890,0.4063
590,0.6876,0.7182,0.3885,0.4057
591,0.6871,0.7176,0.3879,0.4051
592,0.6866,0.7171,0.3873,0.4046
593,0.6861,0.7166,0.3868,0.4040
594,0.6856,0.7161,0.3862,0.4034
595,0.6851,0.7155,0.3856,0.4028
596,0.6846,0.7150,0.3850,0.4022
597,0.6841,0.7145,0.3845,0.4016
598,0.6835,0.7139,0.3839,0.4010
599,0.6830,0.7134,0.3833,0.4004
600,0.6825,0.7129,0.3828,0.3998
601,0.6820,0.7124,0.3822,0.3992
602,0.6815,0.7118,0.3816,0.3986
603,0.6810,0.7113,0.3811,0.3980
604,0.6805,0.7108,0.3805,0.3974
605,0.6800,0.7103,0.3800,0.3969
606,0.6795,0.7097,0.3794,0.3963
607,0.6790,0.7092,0.3788,0.3957
608,0.6785,0.7087,0.3783,0.3951
609,0.6780,0.7082,0.3777,0.3945
610,0.6775,0.7076,0.3772,0.3939
611,0.6770,0.7071,0.3766,0.3933
612,0.6765,0.7066,0.3760,0.3928
613,0.6760,0.7061,0.3755,0.3922
614,0.6755,0.7055,0.3749,0.3916
615,0.6750,0.7050,0.3744,0.3910
616,0.6745,0.7045,0.3738,0.3905
617,0.6740,0.7039,0.3732,0.3898
618,0.6734,0.7033,0.3725,0.3891
619,0.6728,0.7027,0.3717,0.3883
620,0.6722,0.7021,0.3710,0.3875
621,0.6716,0.7014,0.3702,0.3867
622,0.6710,0.7008,0.3695,0.3859
623,0.6704,0.7002,0.3688,0.3852
624,0.6698,0.6995,0.3680,0.3844
625,0.6692,0.6989,0.3673,0.3836
626,0.6686,0.6983,0.3665,0.3828
627,0.6680,0.6977,0.3658,0.3821
628,0.6674,0.6970,0.3651,0.3813
629,0.6668,0.6964,0.3643,0.3805
630,0.6662,0.6958,0.3636,0.3798
631,0.6656,0.6952,0.3629,0.3790
632,0.6650,0.6945,0.3621,0.3782
633,0.6643,0.6939,0.3614,0.3775
634,0.6637,0.6933,0.3607,0.3767
635,0.6631,0.6926,0.3599,0.3760
636,0.6625,0.6920,0.3592,0.3752
637,0.6619,0.6914,0.3585,0.3744
638,0.6613,0.6907,0.3578,0.3737
639,0.6607,0.6901,0.3571,0.3729
640,0.6601,0.6895,0.3563,0.3722
641,0.6595,0.6889,0.3556,0.3714
642,0.6589,0.6882,0.3549,0.3707
643,0.6583,0.6876,0.3542,0.3699
644,0.6577,0.6870,0.3535,0.3692
645,0.6571,0.6863,0.3528,0.3685
646,0.6565,0.6857,0.3521,0.3677
647,0.6559,0.6851,0.3513,0.3670
648,0.6553,0.6844,0.3506,0.3662
649,0.6547,0.6838,0.3499,0.3655
650,0.6541,0.6832,0.3492,0.3648
651,0.6535,0.6825,0.3485,0.3640
652,0.6529,0.6819,0.3478,0.3633
653,0.6523,0.6813,0.3471,0.3625
654,0.6517,0.6806,0.3464,0.3618
655,0.6511,0.6800,0.3457,0.3611
656,0.6505,0.6794,0.3450,0.3604
657,0.6498,0.6787,0.3443,0.3596
658,0.6492,0.6781,0.3436,0.3589
659,0.6486,0.6775,0.3429,0.3582
660,0.6480,0.6768,0.3422,0.3574
661,0.6473,0.6761,0.3415,0.3567
662,0.6467,0.6755,0.3407,0.3559
663,0.6460,0.6748,0.3400,0.3551
664,0.6454,0.6741,0.3393,0.3543
665,0.6447,0.6734,0.3385,0.3536
666,0.6441,0.6727,0.3378,0.3528
667,0.6434,0.6720,0.3370,0.3520
668,0.6428,0.6713,0.3363,0.3513
669,0.6421,0.6707,0.3356,0.3505
670,0.6414,0.6700,0.3349,0.3497
671,0.6408,0.6693,0.3341,0.3490
672,0.6401,0.6686,0.3334,0.3482
673,0.6395,0.6679,0.3327,0.3475
674,0.6388,0.6672,0.3320,0.3467
675,0.6382,0.6665,0.3312,0.3460
676,0.6375,0.6659,0.3305,0.3452
677,0.6368,0.6652,0.3298,0.3445
678,0.6362,0.6645,0.3291,0.3437
679,0.6355,0.6638,0.3284,0.3430
680,0.6349,0.6631,0.3277,0.3422
681,0.6342,0.6624,0.3269,0.3415
682,0.6336,0.6617,0.3262,0.3407
683,0.6329,0.6611,0.3255,0.3400
684,0.6323,0.6604,0.3248,0.3393
685,0.6316,0.6597,0.3241,0.3385
686,0.6309,0.6590,0.3234,0.3378
687,0.6303,0.6583,0.3227,0.3371
688,0.6296,0.6576,0.3220,0.3363
689,0.6290,0.6569,0.3213,0.3356
690,0.6283,0.6563,0.3206,0.3349
691,0.6277,0.6556,0.3199,0.3342
692,0.6270,0.6549,0.3192,0.3334
693,0.6263,0.6542,0.3185,0.3327
694,0.6257,0.6535,0.3179,0.3320
695,0.6250,0.6528,0.3172,0.3313
696,0.6244,0.6521,0.3165,0.3306
697,0.6237,0.6515,0.3158,0.3298
698,0.6231,0.6508,0.3151,0.3291
699,0.6224,0.6501,0.3144,0.3284
700,0.6218,0.6494,0.3137,0.3277
